id,concello,provincia,lat,lon,alt
10157,A CORUÑA,A Coruña,43.382763,-8.409202,21.0
14000,A CORUÑA,A Coruña,43.36506,-8.374706,5.0
10045,ABEGONDO,A Coruña,43.241367,-8.262225,94.0
14003,ARTEIXO,A Coruña,43.34723,-8.531179,5.0
10144,ARZÚA,A Coruña,42.931965,-8.17469,362.0
19005,BERGONDO,A Coruña,43.307995,-8.276487,175.0
10095,BOQUEIXÓN,A Coruña,42.822826,-8.461246,231.0
10800,CAMARIÑAS,A Coruña,43.124447,-9.178318,5.0
19001,CARBALLO,A Coruña,43.15616,-8.685357,134.0
10147,CARIÑO,A Coruña,43.7383,-7.88011,20.0
10135,CARNOTA,A Coruña,42.795036,-9.126011,170.0
10092,CEDEIRA,A Coruña,43.70426,-8.052468,254.0
10176,CEE,A Coruña,42.94625,-9.184586,2.0
10096,CORISTANCO,A Coruña,43.095192,-8.69099,540.0
10050,FERROL,A Coruña,43.491467,-8.252274,37.0
10052,LOUSAME,A Coruña,42.745583,-8.776306,661.0
19010,LOUSAME,A Coruña,42.80141,-8.836885,157.0
10093,MALPICA DE BERGANTIÑOS,A Coruña,43.336,-8.836423,161.0
10089,MELIDE,A Coruña,42.907383,-7.982653,477.0
10094,MESÍA,A Coruña,43.12481,-8.279388,401.0
10046,MONFERO,A Coruña,43.343082,-7.8944,651.0
10141,NARÓN,A Coruña,43.562504,-8.132825,278.0
19004,NARÓN,A Coruña,43.554344,-8.203325,69.0
19071,ORDES,A Coruña,43.06872,-8.412142,266.0
10097,ORTIGUEIRA,A Coruña,43.59178,-7.788782,576.0
10178,RIANXO,A Coruña,42.6864,-8.824,155.0
10049,RIBEIRA,A Coruña,42.555164,-9.028601,30.0
10134,RIBEIRA,A Coruña,42.47135,-9.005851,21.0
19011,ROIS,A Coruña,42.7965,-8.716,111.0
10087,SANTA COMBA,A Coruña,42.968616,-8.868301,369.0
10124,SANTIAGO DE COMPOSTELA,A Coruña,42.87596,-8.559434,255.0
50500,SANTIAGO DE COMPOSTELA,A Coruña,42.88659,-8.521138,305.0
19008,VAL DO DUBRA,A Coruña,43.00191,-8.6992,369.0
19003,VEDRA,A Coruña,42.78478,-8.434715,225.0
10153,VIMIANZO,A Coruña,43.10812,-9.056941,405.0
10139,ZAS,A Coruña,43.02887,-8.974911,317.0
10136,A FONSAGRADA,Lugo,43.17712,-7.047859,789.0
10106,A PONTENOVA,Lugo,43.339153,-7.168036,490.0
10088,ABADÍN,Lugo,43.454594,-7.446248,595.0
19015,ABADÍN,Lugo,43.405445,-7.502042,662.0
19024,ANTAS DE ULLA,Lugo,42.72039,-7.831607,647.0
19018,BALEIRA,Lugo,43.031902,-7.187797,990.0
10099,BÓVEDA,Lugo,42.64761,-7.476274,432.0
10118,BURELA,Lugo,43.644855,-7.374807,421.0
10146,CASTRO DE REI,Lugo,43.155926,-7.485878,428.0
10062,CERVANTES,Lugo,42.820778,-6.922902,1364.0
10202,CHANTADA,Lugo,42.669987,-7.887967,842.0
19021,CHANTADA,Lugo,42.614433,-7.718322,391.0
10168,COSPEITO,Lugo,43.24025,-7.555116,408.0
10102,FOLGOSO DO COUREL,Lugo,42.59468,-7.192392,777.0
10103,FOZ,Lugo,43.558243,-7.278138,73.0
10101,FRIOL,Lugo,43.0374,-7.892649,731.0
10107,GUITIRIZ,Lugo,43.14569,-7.791122,496.0
19025,LOURENZÁ,Lugo,43.43727,-7.279275,103.0
10053,LUGO,Lugo,42.992695,-7.546897,400.0
19014,MONDOÑEDO,Lugo,43.45692,-7.340111,115.0
10056,MONFORTE DE LEMOS,Lugo,42.473194,-7.501777,645.0
10171,MONFORTE DE LEMOS,Lugo,42.513783,-7.523145,286.0
10173,MURAS,Lugo,43.46013,-7.592832,1031.0
10137,NAVIA DE SUARNA,Lugo,42.955997,-6.915305,910.0
10167,O VALADOURO,Lugo,43.54419,-7.45192,71.0
19022,PANTÓN,Lugo,42.53537,-7.70489,340.0
10132,PEDRAFITA DO CEBREIRO,Lugo,42.707104,-7.047078,1310.0
10201,PEDRAFITA DO CEBREIRO,Lugo,42.7123,-7.125666,1330.0
10105,POL,Lugo,43.162598,-7.282577,647.0
10108,PORTOMARÍN,Lugo,42.813114,-7.620155,447.0
10170,PORTOMARÍN,Lugo,42.816715,-7.750347,780.0
10100,QUIROGA,Lugo,42.492397,-7.275823,697.0
10047,RIBADEO,Lugo,43.540714,-7.083024,51.0
19023,RIBAS DE SIL,Lugo,42.463108,-7.287173,257.0
10164,RIOTORTO,Lugo,43.35174,-7.265628,270.0
10098,SAMOS,Lugo,42.747143,-7.24874,826.0
19020,SARRIA,Lugo,42.79668,-7.381559,416.0
19074,SOBER,Lugo,42.411137,-7.634422,319.0
10055,VILALBA,Lugo,43.226593,-7.783072,684.0
10174,VILALBA,Lugo,43.327644,-7.716561,480.0
10104,VIVEIRO,Lugo,43.660763,-7.562965,545.0
10162,VIVEIRO,Lugo,43.630886,-7.630877,59.0
19044,A ARNOIA,Ourense,42.23986,-8.130865,120.0
19041,A MEZQUITA,Ourense,42.01746,-7.048907,1025.0
10115,A VEIGA,Ourense,42.355392,-7.008639,1229.0
10138,A VEIGA,Ourense,42.207813,-6.89256,1762.0
19037,A VEIGA,Ourense,42.211124,-6.991786,1217.0
10109,AVIÓN,Ourense,42.414585,-8.238242,553.0
10110,BALTAR,Ourense,41.94622,-7.708379,807.0
10113,BAÑOS DE MOLGAS,Ourense,42.23335,-7.629124,604.0
19042,CALVOS DE RANDÍN,Ourense,41.961655,-7.895386,890.0
10130,CARBALLEDA DE VALDEORRAS,Ourense,42.375187,-6.783357,1620.0
10204,CARBALLEDA DE VALDEORRAS,Ourense,42.340588,-6.765224,1280.0
19032,CASTRELO DE MIÑO,Ourense,42.31235,-8.066759,122.0
19033,CASTRO CALDELAS,Ourense,42.38756,-7.431971,469.0
10112,CELANOVA,Ourense,42.173622,-7.968152,623.0
19031,COLES,Ourense,42.42953,-7.836478,403.0
10111,ENTRIMO,Ourense,41.944828,-8.106171,763.0
19030,LAROUCO,Ourense,42.346,-7.153,522.0
19038,LAZA,Ourense,42.067226,-7.472491,575.0
19026,LEIRO,Ourense,42.359207,-8.118451,105.0
10057,MACEDA,Ourense,42.298744,-7.590657,981.0
10131,MANZANEDA,Ourense,42.26016,-7.298315,1758.0
10119,MUÍÑOS,Ourense,41.903606,-7.971908,1059.0
10148,OURENSE,Ourense,42.343487,-7.848846,143.0
10155,OURENSE,Ourense,42.353004,-7.877898,139.0
19039,RIÓS,Ourense,41.98036,-7.285618,839.0
10114,RUBIÁ,Ourense,42.46311,-6.929479,577.0
10117,SAN XOÁN DE RÍO,Ourense,42.393867,-7.297161,1026.0
10058,VERÍN,Ourense,41.97433,-7.398772,546.0
10500,VERÍN,Ourense,41.95301,-7.439182,392.0
10116,VIANA DO BOLO,Ourense,42.16304,-7.089615,851.0
19073,VILAMARTÍN DE VALDEORRAS,Ourense,42.420258,-7.02708,408.0
19040,VILARDEVÓS,Ourense,41.898197,-7.188015,778.0
10048,VILARIÑO DE CONSO,Ourense,42.11956,-7.344628,1026.0
19027,XINZO DE LIMIA,Ourense,42.101776,-7.717683,616.0
19048,ARBO,Pontevedra,42.134094,-8.263586,187.0
10172,AS NEVES,Pontevedra,42.133602,-8.412954,681.0
10169,BAIONA,Pontevedra,42.1155,-8.837179,3.0
10126,BUEU,Pontevedra,42.382084,-8.936188,121.0
10905,BUEU,Pontevedra,42.3396,-8.833798,44.0
10127,CALDAS DE REIS,Pontevedra,42.595306,-8.618997,268.0
10906,CANGAS,Pontevedra,42.260456,-8.782575,3.0
10121,CERDEDO-COTOBADE,Pontevedra,42.467537,-8.502887,367.0
10133,CUNTIS,Pontevedra,42.675583,-8.586177,715.0
10163,FORCAREI,Pontevedra,42.610943,-8.370965,674.0
10086,FORNELOS DE MONTES,Pontevedra,42.315304,-8.400214,705.0
10061,LALÍN,Pontevedra,42.614384,-8.137295,500.0
10158,LALÍN,Pontevedra,42.656265,-8.107154,601.0
14005,MARÍN,Pontevedra,42.39707,-8.69362,4.0
19068,MEAÑO,Pontevedra,42.436275,-8.774661,97.0
19056,MEIS,Pontevedra,42.53713,-8.716114,52.0
19070,MEIS,Pontevedra,42.468124,-8.742008,256.0
10166,MONDARIZ,Pontevedra,42.246513,-8.454067,235.0
19069,O GROVE,Pontevedra,42.45738,-8.876006,9.0
10165,O PORRIÑO,Pontevedra,42.145294,-8.61188,41.0
19047,O ROSAL,Pontevedra,41.938732,-8.789739,47.0
10091,OIA,Pontevedra,41.99327,-8.864355,480.0
10175,PAZOS DE BORBÉN,Pontevedra,42.297,-8.527,273.0
10067,POIO,Pontevedra,42.458405,-8.722065,515.0
19072,PONTE CALDELAS,Pontevedra,42.39316,-8.506196,350.0
19045,PONTEAREAS,Pontevedra,42.180405,-8.524929,41.0
10064,PONTEVEDRA,Pontevedra,42.40924,-8.664094,52.0
10156,PONTEVEDRA,Pontevedra,42.425896,-8.643984,20.0
10154,REDONDELA,Pontevedra,42.3207,-8.601872,260.0
19066,RIBADUMIA,Pontevedra,42.497288,-8.763514,27.0
10122,RODEIRO,Pontevedra,42.579758,-7.933075,991.0
19054,SALCEDA DE CASELAS,Pontevedra,42.069332,-8.562408,92.0
19057,SALVATERRA DE MIÑO,Pontevedra,42.11854,-8.442646,150.0
10129,SANXENXO,Pontevedra,42.40308,-8.798792,34.0
10177,TOMIÑO,Pontevedra,42.01846,-8.673485,59.0
10060,TUI,Pontevedra,42.0786,-8.679444,484.0
10125,VIGO,Pontevedra,42.2139,-8.906,25.0
10142,VIGO,Pontevedra,42.225945,-8.713502,100.0
10161,VIGO,Pontevedra,42.169926,-8.686054,460.0
14001,VIGO,Pontevedra,42.24167,-8.727587,7.0
19050,VILA DE CRUCES,Pontevedra,42.77911,-8.318691,211.0
10085,VILANOVA DE AROUSA,Pontevedra,42.580074,-8.804707,3.0
19046,VILANOVA DE AROUSA,Pontevedra,42.539917,-8.784433,72.0
