id,concello,provincia,lat,lon,alt,n_anios,n_dias,d_tx28,d_tx30,d_tx32,d_tx35,d_tx38,tx_p99,tx_p999,tx_max,tx_verano,noches_trop,noches_18,tn_p99,olas_n,olas_dias,olas_largas_n,hi_p99,d_hi32,hr_verano,noches_bochorno,hx_p99,hx_max,d_hx30,d_hx35,d_hx40,tmean,amplitud,d_helada,tn_p01,rango_anual
10147,CARIÑO,A Coruña,43.7383,-7.88011,20.0,5,1320,3.4,0.6,0.0,0.0,0.0,28.582899999999995,30.54437000000003,31.23,22.33460843373494,1.8,15.0,19.76,1.0,3.4,0.0,33.072998027961205,3.6,85.71686746987952,14.8,40.069490061625714,45.91914075015107,43.4,11.6,2.8,15.002454545454544,6.4354772727272715,0.0,2.9976000000000003,15.068413978494625
10131,MANZANEDA,Ourense,42.26016,-7.298315,1758.0,17,6051,0.5882352941176471,0.0,0.0,0.0,0.0,25.41,28.35800000000003,29.14,17.18687827225131,0.35294117647058826,2.0588235294117645,17.134999999999998,1.8235294117647058,7.529411764705882,0.47058823529411764,25.41,0.0,67.89907223326706,0.0,28.176369162584802,32.74042057935392,1.0,0.0,0.0,6.67591472483887,6.313229218311022,109.05882352941177,-8.22,20.5427311827957
10138,A VEIGA,Ourense,42.207813,-6.89256,1762.0,17,6051,1.1176470588235294,0.11764705882352941,0.0,0.0,0.0,26.425,29.324000000000233,31.02,18.707094240837694,0.35294117647058826,1.9411764705882353,16.91,2.0588235294117645,8.176470588235293,0.47058823529411764,26.395199999999996,0.0,65.37533422459893,0.0,29.153817582238688,33.96629752417737,2.0588235294117645,0.0,0.0,7.08079160469344,7.209274500082631,108.94117647058823,-7.71,22.130477150537637
10130,CARBALLEDA DE VALDEORRAS,Ourense,42.375187,-6.783357,1620.0,17,6051,3.764705882352941,0.7058823529411765,0.0,0.0,0.0,28.064999999999998,30.519000000000013,31.11,20.109378272251305,0.7058823529411765,3.411764705882353,17.83,1.9411764705882353,7.529411764705882,0.29411764705882354,27.805413041393614,0.0,67.66686787391014,0.11764705882352941,31.845876122156298,35.2625333657904,10.411764705882353,0.11764705882352941,0.0,7.975561064286895,7.612740042968105,89.76470588235294,-6.955,22.6037936827957
10800,CAMARIÑAS,A Coruña,43.124447,-9.178318,5.0,17,6051,0.9411764705882353,0.29411764705882354,0.058823529411764705,0.0,0.0,25.985,29.235500000000062,33.62,19.852931937172773,0.29411764705882354,10.058823529411764,18.66,1.2941176470588236,5.0588235294117645,0.17647058823529413,25.985,0.7058823529411765,84.63913612565446,9.588235294117647,34.536394687233525,52.6850266174428,14.352941176470589,2.7058823529411766,0.5294117647058824,14.650932077342587,4.775655263592794,0.0,3.32,12.060575940860215
14003,ARTEIXO,A Coruña,43.34723,-8.531179,5.0,14,4921,0.7857142857142857,0.35714285714285715,0.07142857142857142,0.0,0.0,24.704000000000015,29.44520000000058,32.33,19.443538338658144,0.5,10.071428571428571,18.788,1.4285714285714286,5.642857142857143,0.42857142857142855,24.512000000000008,0.42857142857142855,86.14114713216958,9.214285714285714,32.26402033174256,48.63060612370031,9.357142857142858,1.1428571428571428,0.21428571428571427,14.769518292682926,4.287191627717943,0.0,4.792,11.01402683626155
10093,MALPICA DE BERGANTIÑOS,A Coruña,43.336,-8.836423,161.0,17,6051,2.411764705882353,0.7058823529411765,0.17647058823529413,0.0,0.0,26.76,31.266000000000204,34.41,20.549901832460733,0.11764705882352941,1.6470588235294117,17.42,1.4705882352941178,5.647058823529412,0.35294117647058826,26.58119999999999,1.588235294117647,89.63626806833113,1.4705882352941178,36.46256927786693,50.53634652593587,27.529411764705884,5.411764705882353,1.2941176470588236,13.710261113865476,5.619889274500082,0.0,3.93,13.862171370967742
14000,A CORUÑA,A Coruña,43.36506,-8.374706,5.0,17,6051,1.8235294117647058,0.5294117647058824,0.17647058823529413,0.0,0.0,26.520000000000003,30.415000000000074,33.32,20.37396596858639,0.47058823529411764,12.058823529411764,18.884999999999998,1.411764705882353,5.411764705882353,0.29411764705882354,26.36750000000001,0.8823529411764706,85.31822985468956,11.705882352941176,35.54455652885602,45.13867971263394,25.11764705882353,4.176470588235294,0.6470588235294118,14.62325566022145,5.2658436622045945,0.058823529411764705,2.79,13.031411962365592
10047,RIBADEO,Lugo,43.540714,-7.083024,51.0,17,6051,3.176470588235294,1.1764705882352942,0.17647058823529413,0.058823529411764705,0.0,27.744999999999997,31.086500000000196,35.44,21.740844240837692,0.7647058823529411,13.470588235294118,19.060000000000002,0.8823529411764706,3.0588235294117645,0.11764705882352941,30.446533392381532,2.588235294117647,85.31691803278689,13.058823529411764,38.22367392599779,49.22321615007617,48.76470588235294,9.235294117647058,1.7058823529411764,14.496878201950091,6.698758882829285,0.4117647058823529,1.98,15.81092137096774
10103,FOZ,Lugo,43.558243,-7.278138,73.0,17,6050,3.2941176470588234,0.9411764705882353,0.17647058823529413,0.0,0.0,27.915100000000002,31.369710000000193,34.82,21.70529796987557,0.29411764705882354,6.882352941176471,18.46,0.7647058823529411,3.0,0.23529411764705882,31.353586757158237,2.8823529411764706,83.78699934340119,6.764705882352941,38.36720185154795,46.950839048466754,44.23529411764706,9.529411764705882,2.0,13.715595041322315,7.4029768595041325,2.7058823529411766,0.3196000000000001,16.90605376344086
10162,VIVEIRO,Lugo,43.630886,-7.630877,59.0,17,6051,5.529411764705882,1.6470588235294117,0.23529411764705882,0.0,0.0,28.755000000000003,31.86950000000001,33.5,22.944201570680633,0.6470588235294118,7.647058823529412,18.75,1.3529411764705883,5.352941176470588,0.23529411764705882,33.34677200925619,5.0588235294117645,81.79129581151832,7.647058823529412,40.27587497552838,50.961454891915906,69.88235294117646,22.294117647058822,3.6470588235294117,13.843898529168733,8.72466864980995,4.411764705882353,-0.165,18.30974798387097
10176,CEE,A Coruña,42.94625,-9.184586,2.0,4,983,5.0,1.75,0.25,0.0,0.0,29.426199999999994,31.531940000000333,33.82,22.929374999999997,0.5,14.5,19.077199999999998,0.75,2.25,0.0,33.395866466738376,4.75,85.7625,14.0,40.28717455132171,46.71826007320198,42.0,12.75,2.75,15.233092573753813,6.322339776195321,0.25,4.0156,15.694462365591397
10201,PEDRAFITA DO CEBREIRO,Lugo,42.7123,-7.125666,1330.0,15,5171,6.4,1.8666666666666667,0.4,0.0,0.0,29.22,32.07160000000043,32.84,20.361339285714287,1.4666666666666666,4.8,18.426000000000005,1.3333333333333333,5.6,0.2,29.342893325187365,0.4666666666666667,72.16986607142857,0.5333333333333333,34.273841172922765,38.67698859610219,17.8,2.4,0.0,9.035820924386,7.111746277315799,57.266666666666666,-4.796,20.87816180517336
10097,ORTIGUEIRA,A Coruña,43.59178,-7.788782,576.0,17,6051,3.411764705882353,1.411764705882353,0.4117647058823529,0.0,0.0,27.735,32.007500000000036,34.97,19.00561518324607,0.6470588235294118,1.6470588235294117,16.92,1.2352941176470589,5.176470588235294,0.35294117647058826,29.584854008771956,1.9411764705882353,89.35255235602095,0.7647058823529411,36.42220335021643,48.15244063557223,19.529411764705884,5.235294117647059,0.8823529411764706,11.149621550157,5.966557593786151,3.0588235294117645,0.08,15.524274193548386
10104,VIVEIRO,Lugo,43.660763,-7.562965,545.0,17,6051,3.3529411764705883,1.6470588235294117,0.4117647058823529,0.058823529411764705,0.0,27.64,32.47200000000055,35.96,18.61280104712042,1.1176470588235294,2.5294117647058822,17.525,1.5294117647058822,5.9411764705882355,0.29411764705882354,28.86718247789375,1.4705882352941178,87.83960264900661,0.5294117647058824,35.21194430628105,45.60870734841775,14.411764705882353,3.823529411764706,0.8823529411764706,11.344306726160967,5.220890761857544,1.7058823529411764,0.625,14.600465725806451
10118,BURELA,Lugo,43.644855,-7.374807,421.0,17,6051,2.2941176470588234,1.0588235294117647,0.4117647058823529,0.058823529411764705,0.0,27.21,32.07200000000041,36.6,19.085948952879583,0.6470588235294118,2.8823529411764706,17.810000000000002,1.4705882352941178,5.470588235294118,0.29411764705882354,28.14089291519055,1.1764705882352942,88.26935933147632,1.5294117647058822,35.44155463991001,50.520266704449135,15.058823529411764,3.9411764705882355,0.8823529411764706,12.396241943480417,5.054121632787969,0.4117647058823529,2.03,13.984700268817202
10173,MURAS,Lugo,43.46013,-7.592832,1031.0,7,2175,2.857142857142857,1.4285714285714286,0.42857142857142855,0.0,0.0,27.762999999999987,31.844700000000017,32.72,17.93606343283582,2.5714285714285716,4.428571428571429,19.367799999999992,1.4285714285714286,6.0,0.42857142857142855,28.57135169369169,1.0,89.17823639774859,1.1428571428571428,34.66108065554835,40.98980282036615,12.285714285714286,2.4285714285714284,0.2857142857142857,9.9164091954023,5.216754022988506,13.0,-1.3008,16.037966820276495
10157,A CORUÑA,A Coruña,43.382763,-8.409202,21.0,12,4086,3.5833333333333335,1.5,0.5,0.16666666666666666,0.0,28.06,33.01435000000038,35.88,22.203080524344568,1.0,16.0,19.0915,1.0,3.1666666666666665,0.0,30.752203697553874,2.5833333333333335,81.6942883895131,15.666666666666666,38.668983279616455,52.04673012097298,49.25,10.75,2.25,15.424906999510524,5.840347528144885,0.0,4.447,14.053958944281526
10134,RIBEIRA,A Coruña,42.47135,-9.005851,21.0,17,6051,7.529411764705882,2.764705882352941,0.7647058823529411,0.058823529411764705,0.0,29.46,32.73700000000019,35.44,21.956806282722514,0.4117647058823529,11.352941176470589,18.73,1.4705882352941178,5.647058823529412,0.35294117647058826,33.22090168800226,5.235294117647059,82.4675925925926,11.352941176470589,39.55125306615181,49.757715559274544,43.705882352941174,13.764705882352942,2.8823529411764706,15.230718889439762,5.038099487687986,0.0,5.535,13.105410618279569
10088,ABADÍN,Lugo,43.454594,-7.446248,595.0,17,6051,4.529411764705882,2.0588235294117645,0.8235294117647058,0.11764705882352941,0.0,28.795,33.01550000000021,35.68,19.084247382198953,0.058823529411764705,0.11764705882352941,15.85,1.2352941176470589,4.764705882352941,0.23529411764705882,32.19585156302805,3.764705882352941,88.52161100196464,0.0,38.841316421566816,52.21182511202795,23.11764705882353,7.9411764705882355,2.764705882352941,10.815366055197488,7.046522888778715,16.294117647058822,-1.6349999999999998,16.769709677419357
10169,BAIONA,Pontevedra,42.1155,-8.837179,3.0,8,2594,6.25,2.75,0.875,0.125,0.0,29.542800000000007,33.80107000000015,35.12,22.90653450807636,1.625,18.625,19.6,1.0,3.125,0.0,33.06206410449294,4.5,81.26656848306332,17.75,39.49918976197552,48.27051567102325,55.5,14.25,2.375,15.6748033924441,7.071025443330763,0.25,2.6951,15.882688361684774
19015,ABADÍN,Lugo,43.405445,-7.502042,662.0,17,5823,5.764705882352941,2.7058823529411766,0.8823529411764706,0.11764705882352941,0.0,29.4378,33.66790000000044,35.7,19.67043175487465,0.29411764705882354,1.2941176470588236,16.81,1.1764705882352942,4.823529411764706,0.29411764705882354,32.05961245619752,3.4705882352941178,85.16507378777231,0.9411764705882353,38.587882227958175,47.63845095837878,25.88235294117647,8.705882352941176,2.1176470588235294,10.751195260175168,6.63366821226172,7.294117647058823,-0.5678,17.122800403225806
10204,CARBALLEDA DE VALDEORRAS,Ourense,42.340588,-6.765224,1280.0,15,5235,12.2,5.0,0.9333333333333333,0.0,0.0,30.4866,32.61,33.65,22.411190476190477,3.466666666666667,8.533333333333333,19.945999999999984,2.0,7.733333333333333,0.26666666666666666,30.20088034262706,0.7333333333333333,60.026359143327845,0.3333333333333333,34.843122307321615,39.399876725382924,24.2,2.8,0.0,10.417623686723974,7.859060171919771,45.4,-3.9166,22.53246543778802
10062,CERVANTES,Lugo,42.820778,-6.922902,1364.0,17,6051,7.117647058823529,2.9411764705882355,1.0588235294117647,0.058823529411764705,0.0,29.335,33.03400000000023,35.02,20.670340314136126,2.3529411764705883,6.9411764705882355,19.41,1.7647058823529411,7.117647058823529,0.29411764705882354,29.33784960740369,0.7647058823529411,71.0291751874574,0.9411764705882353,34.24044386156491,42.30448221384562,17.647058823529413,2.411764705882353,0.058823529411764705,9.030021484052224,7.546737729300942,66.29411764705883,-5.695,21.852453629032258
10092,CEDEIRA,A Coruña,43.70426,-8.052468,254.0,17,6043,5.0,2.5294117647058822,1.1176470588235294,0.23529411764705882,0.0,29.053199999999997,34.00606000000031,37.61,19.750611038107753,1.8235294117647058,8.294117647058824,18.953199999999995,1.411764705882353,5.823529411764706,0.47058823529411764,30.82071878470939,2.8823529411764706,85.09414473684211,5.529411764705882,37.48628891798398,49.41089304624283,18.352941176470587,5.764705882352941,1.8235294117647058,13.594315737216617,4.440238292238954,0.0,3.9142,12.908978185846365
10141,NARÓN,A Coruña,43.562504,-8.132825,278.0,17,6051,7.0,3.1176470588235294,1.1764705882352942,0.23529411764705882,0.0,29.560000000000002,34.43600000000006,37.26,21.77238219895288,0.7647058823529411,3.9411764705882355,18.075,1.2352941176470589,5.235294117647059,0.35294117647058826,33.81381177658898,5.352941176470588,84.13346640053227,3.3529411764705883,39.949056460943275,55.27818963438763,49.23529411764706,13.705882352941176,3.4705882352941178,13.37683853908445,6.811946139067922,0.23529411764705882,2.2,16.312448252688174
10052,LOUSAME,A Coruña,42.745583,-8.776306,661.0,17,6051,8.529411764705882,3.764705882352941,1.2352941176470589,0.11764705882352941,0.0,30.01,33.83950000000001,36.34,20.69145942408377,3.2941176470588234,6.705882352941177,19.655,1.588235294117647,5.588235294117647,0.17647058823529413,32.55212474017958,4.352941176470588,84.88820410868125,1.1764705882352942,38.486073213379015,46.77482632532269,33.76470588235294,10.588235294117647,2.0588235294117645,11.649786812097174,6.306845149562056,4.117647058823529,-0.15,16.915700940860216
10133,CUNTIS,Pontevedra,42.675583,-8.586177,715.0,17,5772,8.941176470588236,3.764705882352941,1.2352941176470589,0.23529411764705882,0.0,30.179299999999994,33.67351000000005,36.02,20.81791782729805,5.176470588235294,9.764705882352942,21.1787,1.588235294117647,5.764705882352941,0.29411764705882354,31.758958040190727,3.0588235294117645,81.3462464589235,1.7647058823529411,37.68046726900549,47.87840370972849,31.058823529411764,8.352941176470589,0.9411764705882353,11.687785479119736,6.344133749133748,4.705882352941177,-0.2629,17.10048591683319
10153,VIMIANZO,A Coruña,43.10812,-9.056941,405.0,17,6051,6.411764705882353,3.2941176470588234,1.2941176470588236,0.35294117647058826,0.0,29.62,34.626000000000644,37.09,20.123285340314133,1.8823529411764706,3.4705882352941178,17.82,1.4705882352941178,5.294117647058823,0.23529411764705882,31.949295358055387,3.4705882352941178,87.15207100591715,1.2941176470588236,37.77182497779857,50.94981498181012,28.88235294117647,8.411764705882353,1.7647058823529411,12.443848950586682,5.868013551479094,0.47058823529411764,1.56,14.990672715053764
10905,BUEU,Pontevedra,42.3396,-8.833798,44.0,10,3352,11.8,4.9,1.3,0.3,0.0,30.364299999999982,34.29556000000015,35.66,23.380497737556563,0.9,12.4,18.929799999999997,1.1,3.7,0.0,35.80514670911366,9.6,82.1923076923077,12.2,41.66977558057924,51.24984264012909,68.8,20.9,5.1,15.447249403341289,6.541718377088307,0.0,4.7702,15.514111757447555
10046,MONFERO,A Coruña,43.343082,-7.8944,651.0,17,6051,7.588235294117647,3.823529411764706,1.4705882352941178,0.17647058823529413,0.0,30.049999999999997,34.3630000000001,35.74,20.8156609947644,0.5882352941176471,1.7058823529411764,16.94,1.4705882352941178,5.647058823529412,0.35294117647058826,33.86602846774773,5.705882352941177,83.69505928853755,1.1764705882352942,40.21272454857415,50.80338486780154,37.8235294117647,13.470588235294118,3.764705882352941,11.104319947116178,7.13048091224591,6.294117647058823,-0.43,18.129598790322582
10096,CORISTANCO,A Coruña,43.095192,-8.69099,540.0,17,6051,7.235294117647059,3.7058823529411766,1.5294117647058822,0.11764705882352941,0.0,30.18,34.15650000000034,36.14,20.234620418848166,1.2352941176470589,3.0,17.49,1.588235294117647,5.705882352941177,0.23529411764705882,33.00295639250072,4.764705882352941,86.84085808580858,1.8235294117647058,39.01850954641537,48.425265029442485,32.470588235294116,9.882352941176471,2.4705882352941178,11.583158155676749,6.933477111221286,3.3529411764705883,0.065,16.488121639784946
10126,BUEU,Pontevedra,42.382084,-8.936188,121.0,17,6050,9.647058823529411,4.117647058823529,1.588235294117647,0.17647058823529413,0.0,30.22100000000002,33.55853000000003,36.72,22.232715968586387,0.5882352941176471,6.764705882352941,18.5651,1.588235294117647,5.764705882352941,0.23529411764705882,33.594675285358214,5.764705882352941,82.28319727891157,6.176470588235294,39.789504691490315,49.39309515159956,43.94117647058823,12.764705882352942,3.235294117647059,14.625730578512394,6.0187140495867775,0.0,3.61,14.810216397849464
19018,BALEIRA,Lugo,43.031902,-7.187797,990.0,17,6038,11.235294117647058,4.647058823529412,1.7058823529411764,0.29411764705882354,0.0,30.73,33.9640800000001,35.86,21.542126963350782,1.2352941176470589,3.2941176470588234,17.932600000000004,1.4705882352941178,6.0,0.35294117647058826,33.621832518712765,5.9411764705882355,81.6611663353214,1.8823529411764706,39.60572749825185,49.98786328797039,45.529411764705884,14.823529411764707,2.9411764705882355,10.306952633322291,8.07991884730043,28.647058823529413,-2.6677999999999997,20.613322262104543
10115,A VEIGA,Ourense,42.355392,-7.008639,1229.0,17,6051,14.705882352941176,6.0588235294117645,1.7647058823529411,0.0,0.0,31.075000000000003,33.609000000000016,34.72,22.464784031413615,1.1176470588235294,3.7058823529411766,18.035,1.4705882352941178,6.0588235294117645,0.29411764705882354,32.607931096278925,4.882352941176471,70.67218586387435,1.588235294117647,38.20678553000446,43.370033547006926,40.35294117647059,12.588235294117647,1.411764705882353,9.76520905635432,8.546152702032721,54.35294117647059,-5.1850000000000005,23.394985215053765
10125,VIGO,Pontevedra,42.2139,-8.906,25.0,17,6051,10.941176470588236,5.411764705882353,1.7647058823529411,0.29411764705882354,0.0,30.674999999999997,34.58600000000006,36.5,22.630019633507853,1.4705882352941178,14.352941176470589,19.28,1.2941176470588236,4.588235294117647,0.058823529411764705,34.53975643210918,6.764705882352941,80.52238507661559,13.882352941176471,40.16790167700735,48.43711184364312,51.76470588235294,14.647058823529411,3.764705882352941,15.402708643199473,5.780381755081804,0.0,5.279999999999999,14.062947796934866
19004,NARÓN,A Coruña,43.554344,-8.203325,69.0,17,6050,10.705882352941176,4.529411764705882,1.8823529411764706,0.35294117647058826,0.058823529411764705,30.680200000000006,34.87167000000016,38.28,23.11965314136126,0.29411764705882354,7.235294117647059,18.675300000000007,1.2941176470588236,5.0,0.29411764705882354,37.730691477420365,8.882352941176471,82.44620418848167,7.235294117647059,43.28689459998611,59.84531728441823,74.29411764705883,26.647058823529413,6.705882352941177,14.347418181818183,8.36350082644628,3.1176470588235294,0.14,17.622524159876086
10122,RODEIRO,Pontevedra,42.579758,-7.933075,991.0,17,6051,13.411764705882353,5.764705882352941,2.1176470588235294,0.11764705882352941,0.0,31.055,33.89850000000002,35.79,21.83185209424084,3.0588235294117645,7.588235294117647,19.65,1.588235294117647,6.705882352941177,0.29411764705882354,32.704958178424796,4.882352941176471,75.07728476821192,3.0,38.18032260704222,44.28670428692316,40.35294117647059,12.235294117647058,1.6470588235294117,10.402801189885968,7.638512642538423,29.41176470588235,-2.9050000000000002,21.086103494623657
19014,MONDOÑEDO,Lugo,43.45692,-7.340111,115.0,17,5705,10.882352941176471,4.647058823529412,2.176470588235294,0.7647058823529411,0.0,30.746800000000004,35.53184000000002,36.22,23.003286908077996,1.2941176470588236,9.117647058823529,18.998800000000003,1.2352941176470589,4.705882352941177,0.23529411764705882,38.42856396169265,10.058823529411764,80.61633663366337,8.882352941176471,43.8552022957223,57.82790832248004,63.529411764705884,25.647058823529413,8.176470588235293,13.74983523225241,8.883800175284838,12.941176470588236,-1.9896,19.05553585969308
10055,VILALBA,Lugo,43.226593,-7.783072,684.0,17,6051,10.941176470588236,5.411764705882353,2.176470588235294,0.47058823529411764,0.0,30.995,35.04800000000002,36.31,21.753874345549736,0.7647058823529411,1.7647058823529411,16.905,1.4705882352941178,5.588235294117647,0.29411764705882354,36.15733822676752,8.058823529411764,83.81884816753926,1.1764705882352942,41.836185256164505,50.04307170622866,50.0,19.235294117647058,5.588235294117647,11.077261609651298,7.7592414476945955,10.294117647058824,-0.87,19.291334005376342
10202,CHANTADA,Lugo,42.669987,-7.887967,842.0,16,5358,12.9375,5.5625,2.1875,0.1875,0.0,31.434300000000004,34.557890000000214,35.79,22.180364583333336,0.5,1.75,16.7843,1.3125,5.0625,0.1875,35.855511922564425,7.9375,80.70037341299478,1.4375,41.73952054382201,51.295269329260336,46.4375,20.1875,5.5625,10.67936916759985,8.409445688689809,19.5625,-1.96,20.90256989247312
10085,VILANOVA DE AROUSA,Pontevedra,42.580074,-8.804707,3.0,17,6051,13.882352941176471,5.588235294117647,2.2941176470588234,0.23529411764705882,0.0,30.945,34.328000000000024,36.43,23.23522251308901,1.411764705882353,19.529411764705884,19.335,1.3529411764705883,5.0588235294117645,0.23529411764705882,35.672336610004486,8.294117647058824,77.70377358490566,18.58823529411765,41.30900119062023,50.65801499170597,60.588235294117645,21.647058823529413,5.235294117647059,15.23453809287721,6.509932242604529,0.0,2.935,15.948996679316892
19037,A VEIGA,Ourense,42.211124,-6.991786,1217.0,17,6047,18.764705882352942,8.235294117647058,2.3529411764705883,0.17647058823529413,0.0,31.586199999999998,34.7357400000002,36.81,23.280785854616898,0.17647058823529413,0.9411764705882353,15.625399999999999,1.7058823529411764,6.647058823529412,0.4117647058823529,32.908686538236644,5.529411764705882,68.61018206338503,0.29411764705882354,38.413492460308454,44.38878955274339,47.88235294117647,14.588235294117647,1.3529411764705883,9.456282454109475,10.863795270382006,77.47058823529412,-7.1464,25.525265456989246
10132,PEDRAFITA DO CEBREIRO,Lugo,42.707104,-7.047078,1310.0,17,6051,15.352941176470589,6.470588235294118,2.411764705882353,0.058823529411764705,0.0,31.225,33.730000000000146,35.09,22.46467277486911,0.17647058823529413,1.2352941176470589,16.43,1.588235294117647,6.0588235294117645,0.29411764705882354,34.65111226382254,8.588235294117647,77.86691424713031,1.2352941176470589,40.39502199241682,48.00978775379899,52.705882352941174,20.529411764705884,4.352941176470588,8.635149562055858,9.21542554949595,76.82352941176471,-6.390000000000001,24.307284946236557
10057,MACEDA,Ourense,42.298744,-7.590657,981.0,17,6051,16.294117647058822,6.9411764705882355,2.411764705882353,0.23529411764705882,0.0,31.545,34.56750000000018,35.74,22.659541884816754,1.7647058823529411,4.705882352941177,18.63,1.588235294117647,6.352941176470588,0.29411764705882354,34.44051684335216,8.176470588235293,76.77833769633509,2.7058823529411766,40.323252644018226,46.479181530929054,50.76470588235294,18.823529411764707,4.0,10.631898859692612,8.395944471988102,31.647058823529413,-3.575,22.094148521505375
10135,CARNOTA,A Coruña,42.795036,-9.126011,170.0,17,5953,13.352941176470589,7.117647058823529,2.5294117647058822,0.4117647058823529,0.0,31.434799999999996,35.22336000000005,37.95,22.578965968586388,4.529411764705882,14.529411764705882,20.63,1.588235294117647,5.411764705882353,0.17647058823529413,34.248849260926434,7.411764705882353,78.3491781722551,8.294117647058824,39.809806557241494,48.05604227586416,45.588235294117645,15.0,3.3529411764705883,14.744139089534688,5.846544599361667,0.0,4.08,15.089345739366259
10161,VIGO,Pontevedra,42.169926,-8.686054,460.0,17,6051,16.58823529411765,7.588235294117647,2.588235294117647,0.23529411764705882,0.0,31.415,34.713500000000096,37.34,22.476884816753927,11.411764705882353,21.529411764705884,22.925,1.7647058823529411,6.411764705882353,0.29411764705882354,33.09213558910288,5.705882352941177,73.78194444444445,5.470588235294118,38.6193087217921,45.6605935708639,42.529411764705884,12.588235294117647,1.5294117647058822,13.802545033878697,6.147590480912247,0.4117647058823529,1.89,16.82588591081594
10101,FRIOL,Lugo,43.0374,-7.892649,731.0,17,6051,13.058823529411764,5.882352941176471,2.588235294117647,0.47058823529411764,0.0,31.115000000000002,35.283500000000096,36.26,21.890189790575917,0.5882352941176471,2.235294117647059,16.990000000000002,1.588235294117647,5.882352941176471,0.29411764705882354,36.4990654135276,9.823529411764707,82.90215968586388,1.3529411764705883,42.06357230138887,52.959256606161375,52.64705882352941,22.294117647058822,6.882352941176471,10.860080978350688,8.132948273012724,15.058823529411764,-1.5750000000000002,19.905679554079693
10163,FORCAREI,Pontevedra,42.610943,-8.370965,674.0,8,2664,15.75,7.625,2.625,0.5,0.0,31.72,35.030110000000015,35.64,22.83778571428571,1.25,4.125,18.403699999999997,1.5,5.25,0.125,36.917717567438,11.625,83.95714285714286,3.75,42.366048904191295,49.501536456109626,62.0,25.75,7.0,12.270664414414414,8.387342342342341,5.625,-0.6011,20.20064516129032
10906,CANGAS,Pontevedra,42.260456,-8.782575,3.0,11,3526,15.090909090909092,6.454545454545454,2.6363636363636362,0.18181818181818182,0.0,31.5175,34.54875000000009,37.06,23.1939592760181,2.0,21.545454545454547,19.7675,1.0,3.272727272727273,0.09090909090909091,36.76826093589021,10.0,76.08371040723982,20.818181818181817,42.03377873569944,48.988678271090464,51.36363636363637,20.636363636363637,5.636363636363637,15.568062960862166,6.40465399886557,0.0,4.012499999999999,15.87517204301075
19025,LOURENZÁ,Lugo,43.43727,-7.279275,103.0,17,5773,13.352941176470589,5.647058823529412,2.6470588235294117,0.7058823529411765,0.0,31.462799999999998,36.02140000000005,37.01,23.659310584958217,0.6470588235294118,8.235294117647058,18.6728,1.1764705882352942,4.470588235294118,0.23529411764705882,39.7665292747835,13.294117647058824,81.65031446540881,8.176470588235293,44.972274131868666,56.756769487036095,79.23529411764706,32.94117647058823,11.117647058823529,13.76727697904036,9.582892776719211,14.235294117647058,-2.1755999999999998,19.82999932795699
10091,OIA,Pontevedra,41.99327,-8.864355,480.0,17,6051,14.882352941176471,6.529411764705882,2.7058823529411766,0.47058823529411764,0.058823529411764705,31.605,35.40500000000007,38.04,21.722329842931938,8.058823529411764,16.88235294117647,21.689999999999998,1.7058823529411764,6.352941176470588,0.35294117647058826,33.31743992442575,5.882352941176471,78.76655651024456,6.0,38.83073856266835,46.5297409256077,39.529411764705884,12.705882352941176,1.6470588235294117,13.368200297471494,6.1148107750784995,1.2941176470588236,1.24,16.68903427419355
10119,MUÍÑOS,Ourense,41.903606,-7.971908,1059.0,17,6051,20.058823529411764,9.058823529411764,2.7058823529411766,0.23529411764705882,0.0,31.66,34.24450000000008,36.62,23.16803664921466,3.588235294117647,9.058823529411764,19.985,1.8235294117647058,6.647058823529412,0.29411764705882354,32.35745989123991,4.411764705882353,69.79771351714862,2.235294117647059,37.76800599386901,43.39579105029124,44.76470588235294,12.823529411764707,0.8823529411764706,11.026965790778384,8.555450338786978,32.1764705882353,-3.8099999999999996,22.890200268817207
10167,O VALADOURO,Lugo,43.54419,-7.45192,71.0,8,2664,13.125,5.625,2.75,1.0,0.125,31.198499999999996,35.733590000000035,38.66,23.655928571428568,0.75,10.0,19.064799999999995,1.25,4.875,0.25,39.83479012381056,13.125,83.58142857142857,9.875,44.77329683491407,59.09600215713246,84.625,34.875,12.0,14.243126876876877,10.092665165165165,14.375,-2.2774,19.89161290322581
10106,A PONTENOVA,Lugo,43.339153,-7.168036,490.0,17,6051,12.058823529411764,6.176470588235294,2.764705882352941,0.8823529411764706,0.17647058823529413,31.27,36.843000000000245,38.81,21.9270942408377,0.058823529411764705,2.176470588235294,17.675,1.3529411764705883,4.882352941176471,0.29411764705882354,37.900286840700026,10.705882352941176,85.58755790866975,2.0588235294117645,43.31522012538623,56.760132593422796,55.35294117647059,23.88235294117647,8.411764705882353,12.252371508841515,7.78870765162783,7.9411764705882355,-0.755,18.787420540796965
10050,FERROL,A Coruña,43.491467,-8.252274,37.0,17,6049,14.0,5.9411764705882355,2.9411764705882355,0.7647058823529411,0.058823529411764705,31.64079999999998,35.54280000000003,38.65,23.55651832460733,1.1176470588235294,13.882352941176471,19.31039999999999,1.411764705882353,5.235294117647059,0.29411764705882354,38.982488957189425,11.0,79.14960732984294,13.882352941176471,44.03618715699478,59.83598717490525,78.23529411764706,28.352941176470587,8.117647058823529,14.798227806248967,7.686715159530501,0.4117647058823529,1.7996,17.17640188172043
19005,BERGONDO,A Coruña,43.307995,-8.276487,175.0,17,6012,14.0,6.588235294117647,2.9411764705882355,0.47058823529411764,0.0,31.658900000000003,35.346480000000156,37.89,23.149554973821992,0.4117647058823529,4.588235294117647,18.247800000000005,1.588235294117647,5.9411764705882355,0.29411764705882354,37.0177959333049,9.941176470588236,77.64116492146597,4.294117647058823,42.37685919698912,58.3635783418563,65.11764705882354,21.294117647058822,6.529411764705882,14.06237358616101,7.838354956753159,0.7058823529411765,1.4011,17.56467405913979
10094,MESÍA,A Coruña,43.12481,-8.279388,401.0,17,6051,15.117647058823529,7.294117647058823,3.3529411764705883,0.5294117647058824,0.0,31.945,35.117500000000035,36.98,22.680772251308902,0.058823529411764705,0.7647058823529411,16.58,1.2352941176470589,4.529411764705882,0.23529411764705882,39.818584009596755,12.352941176470589,84.14688741721855,0.7647058823529411,44.60345268841309,54.83852102110927,64.0,28.0,9.882352941176471,12.2122657411998,8.904293505205752,9.764705882352942,-0.92,19.730272177419355
10117,SAN XOÁN DE RÍO,Ourense,42.393867,-7.297161,1026.0,17,6051,19.294117647058822,9.058823529411764,3.411764705882353,0.4117647058823529,0.0,31.875,35.02600000000006,36.44,23.29253272251309,1.0,2.764705882352941,17.545,1.588235294117647,5.9411764705882355,0.23529411764705882,35.52264637007083,11.058823529411764,75.1178664921466,2.235294117647059,41.012307697951684,47.41496259841422,57.470588235294116,23.823529411764707,5.176470588235294,10.35297306230375,9.371925301603042,44.23529411764706,-4.17,23.810632115749524
10137,NAVIA DE SUARNA,Lugo,42.955997,-6.915305,910.0,17,6051,19.176470588235293,9.470588235294118,3.4705882352941178,0.4117647058823529,0.0,31.91,35.16050000000028,37.92,23.13937827225131,0.5882352941176471,1.9411764705882353,16.825,1.588235294117647,6.0,0.29411764705882354,36.094555948518604,11.764705882352942,76.07325428194993,1.1176470588235294,41.5988909608564,54.39243594286223,60.05882352941177,27.294117647058822,6.705882352941177,10.840036357626838,9.580765162783011,34.76470588235294,-3.295,22.89431182795699
14001,VIGO,Pontevedra,42.24167,-8.727587,7.0,15,5135,18.4,9.133333333333333,3.533333333333333,0.4,0.0,32.0464,35.15084000000066,36.34,23.797725190839692,5.2,37.333333333333336,20.509799999999995,1.2,4.133333333333334,0.06666666666666667,37.64215543430356,13.066666666666666,77.62076335877862,36.6,42.83335540706817,50.478724365295086,69.4,25.733333333333334,8.133333333333333,16.170757546251217,6.109014605647517,0.0,5.2,15.407848754951896
10105,POL,Lugo,43.162598,-7.282577,647.0,17,6051,16.235294117647058,8.294117647058824,3.7058823529411766,0.7647058823529411,0.0,32.215,36.56600000000035,37.61,22.729214659685862,0.11764705882352941,1.3529411764705883,16.64,1.7058823529411764,6.470588235294118,0.29411764705882354,38.92368748153138,13.058823529411764,81.68835078534032,1.1764705882352942,43.93321491908724,53.07266715038941,62.294117647058826,29.0,9.705882352941176,11.421075855230539,8.763639067922657,15.647058823529411,-1.565,20.81422438330171
10086,FORNELOS DE MONTES,Pontevedra,42.315304,-8.400214,705.0,17,6051,20.0,10.764705882352942,3.8823529411764706,0.47058823529411764,0.0,32.26,35.182000000000116,36.85,22.928553664921466,11.117647058823529,21.470588235294116,22.41,1.6470588235294117,5.9411764705882355,0.29411764705882354,33.89295149558207,7.235294117647059,73.1592277486911,6.764705882352941,39.19272814641396,46.11587168641432,49.705882352941174,14.823529411764707,2.4705882352941178,12.687727648322591,7.0152834242274,4.9411764705882355,-0.405,19.633012096774195
19008,VAL DO DUBRA,A Coruña,43.00191,-8.6992,369.0,17,6030,16.11764705882353,8.235294117647058,3.8823529411764706,0.8235294117647058,0.0,32.2055,35.44797000000003,37.78,22.687541199736327,0.23529411764705882,0.8235294117647058,16.8,1.411764705882353,5.470588235294118,0.29411764705882354,42.203411612411685,14.529411764705882,84.71551132463966,0.8235294117647058,46.6086692256506,55.911914774542254,63.23529411764706,29.529411764705884,12.470588235294118,12.560177446102818,8.583849087893864,6.9411764705882355,-0.6,18.89048302739911
19001,CARBALLO,A Coruña,43.15616,-8.685357,134.0,17,6051,15.0,7.411764705882353,4.0,1.1764705882352942,0.11764705882352941,32.245000000000005,36.7460000000002,39.71,23.323429319371726,0.0,2.5294117647058822,17.695,1.411764705882353,5.294117647058823,0.29411764705882354,44.27954205615025,16.0,86.7573952879581,2.5294117647058822,47.796782725442924,64.48891084490258,89.05882352941177,39.588235294117645,14.294117647058824,13.50374648818377,10.165022310361923,16.823529411764707,-2.26,19.314994623655913
10087,SANTA COMBA,A Coruña,42.968616,-8.868301,369.0,17,6051,14.411764705882353,7.882352941176471,4.0,0.7058823529411765,0.0,32.265,35.564000000000085,37.49,22.14799738219895,0.11764705882352941,1.0588235294117647,16.55,1.2352941176470589,4.764705882352941,0.35294117647058826,38.58200859930977,11.058823529411764,80.41583769633507,1.0,43.64690129354425,52.615849305446034,51.94117647058823,22.352941176470587,7.882352941176471,12.43799041480747,8.283974549661213,6.235294117647059,-0.5,18.483913978494627
10136,A FONSAGRADA,Lugo,43.17712,-7.047859,789.0,17,6051,18.764705882352942,9.0,4.176470588235294,0.8823529411764706,0.058823529411764705,32.345,36.36950000000016,38.69,23.20901832460733,0.5882352941176471,1.411764705882353,16.775,1.6470588235294117,6.470588235294118,0.23529411764705882,37.91647368646402,13.882352941176471,79.57369109947645,1.1176470588235294,43.14905077873319,53.81607741954994,66.82352941176471,30.352941176470587,9.647058823529411,11.115964303420922,9.228345727978846,22.88235294117647,-2.32,21.87374932795699
10139,ZAS,A Coruña,43.02887,-8.974911,317.0,17,6050,16.235294117647058,8.764705882352942,4.529411764705882,1.1764705882352942,0.0,32.750400000000006,36.040690000000176,37.46,22.78051701570681,0.0,0.23529411764705882,16.5451,1.588235294117647,5.764705882352941,0.23529411764705882,42.73945587318404,15.294117647058824,84.60334207077327,0.23529411764705882,46.66742290335296,56.488796635803,69.88235294117646,32.94117647058823,13.0,12.488206611570247,9.980087603305785,21.88235294117647,-3.0302,19.751548387096772
10049,RIBEIRA,A Coruña,42.555164,-9.028601,30.0,17,6051,22.88235294117647,10.117647058823529,4.588235294117647,0.8235294117647058,0.11764705882352941,32.4,35.62550000000021,39.03,24.178743455497383,2.2941176470588234,13.705882352941176,19.634999999999998,1.1764705882352942,4.117647058823529,0.11764705882352941,36.5321308880053,12.823529411764707,75.34718217562255,12.058823529411764,41.75594180839974,51.150831943727844,71.05882352941177,27.41176470588235,7.0,15.213135019005122,7.241446041976532,0.0,3.83,16.674632902298853
10067,POIO,Pontevedra,42.458405,-8.722065,515.0,17,6051,21.352941176470587,10.823529411764707,4.588235294117647,0.7058823529411765,0.0,32.5,36.152000000000264,37.91,23.276446335078536,6.9411764705882355,15.235294117647058,21.45,1.6470588235294117,6.470588235294118,0.4117647058823529,35.078702831765625,9.235294117647058,76.85125348189415,6.823529411764706,40.39393620513914,48.96829463555355,57.705882352941174,20.58823529411765,4.235294117647059,13.644828953891919,7.169439762022806,0.7058823529411765,1.395,18.170388994307398
10164,RIOTORTO,Lugo,43.35174,-7.265628,270.0,8,2664,16.875,10.125,4.625,1.875,0.375,32.85219999999999,37.86425000000011,39.02,23.692185714285717,0.25,7.0,18.417399999999997,1.25,4.375,0.125,46.57385631289187,18.0,86.86822840409955,7.0,49.10408230693564,60.81114302221462,81.5,40.375,16.625,13.728712462462463,8.909744744744744,8.125,-1.2937,19.59654377880184
10107,GUITIRIZ,Lugo,43.14569,-7.791122,496.0,17,6051,19.705882352941178,9.411764705882353,4.647058823529412,0.9411764705882353,0.0,32.615,36.249500000000005,37.47,23.455608638743453,0.0,0.058823529411764705,16.185000000000002,1.4705882352941178,5.176470588235294,0.17647058823529413,43.31533974803525,18.352941176470587,80.41736566186107,0.058823529411764705,46.95467199481679,57.13104778629781,74.52941176470588,36.23529411764706,15.176470588235293,11.55591472483887,10.777570649479424,40.529411764705884,-3.915,22.24077553763441
19070,MEIS,Pontevedra,42.468124,-8.742008,256.0,15,5010,23.066666666666666,13.066666666666666,5.0,1.0,0.0,32.764599999999994,36.7680200000002,37.74,24.14264376996805,0.4,1.4,17.226399999999995,1.2,4.333333333333333,0.2,40.95924581142388,19.6,79.26510500807754,1.3333333333333333,45.62081055214653,57.231639184016586,73.33333333333333,35.8,14.8,13.40910379241517,9.424784431137724,5.2,-0.58,20.245081531371852
19010,LOUSAME,A Coruña,42.80141,-8.836885,157.0,17,5793,23.58823529411765,13.529411764705882,5.0588235294117645,1.1764705882352942,0.058823529411764705,32.94,36.50360000000024,38.25,24.192263231197774,0.7058823529411765,5.411764705882353,18.330799999999996,1.2352941176470589,4.294117647058823,0.11764705882352941,40.06258412022976,17.705882352941178,75.99185236768803,5.294117647058823,44.62588347521671,60.21855761769251,71.58823529411765,34.1764705882353,12.470588235294118,14.266323148627654,8.38778007940618,0.5294117647058824,1.6184,18.668891702009166
10174,VILALBA,Lugo,43.327644,-7.716561,480.0,7,2110,19.0,10.714285714285714,5.142857142857143,1.4285714285714286,0.2857142857142857,33.10369999999999,36.96256000000001,38.68,24.106124031007752,0.0,0.14285714285714285,16.289099999999998,1.1428571428571428,4.0,0.14285714285714285,48.83850801462505,20.142857142857142,88.48837209302326,0.14285714285714285,50.20189119540481,61.43991199633166,72.28571428571429,40.142857142857146,18.571428571428573,11.916691943127963,10.529971563981041,23.857142857142858,-3.4891,22.455494623655913
10045,ABEGONDO,A Coruña,43.241367,-8.262225,94.0,17,6051,23.647058823529413,11.058823529411764,5.176470588235294,1.588235294117647,0.23529411764705882,33.045,37.416000000000345,39.49,24.506295811518328,0.058823529411764705,3.411764705882353,17.955,1.7058823529411764,6.176470588235294,0.23529411764705882,45.410260889395985,22.352941176470587,81.86752475247525,3.411764705882353,48.25081512832376,66.31097123813733,100.17647058823529,49.88235294117647,18.941176470588236,13.815648653115188,10.884242274004295,19.58823529411765,-2.465,20.992170026881716
50500,SANTIAGO DE COMPOSTELA,A Coruña,42.88659,-8.521138,305.0,17,6049,20.705882352941178,10.647058823529411,5.294117647058823,0.9411764705882353,0.11764705882352941,32.755199999999995,36.92904,38.37,23.46289267015707,0.29411764705882354,2.823529411764706,17.665199999999995,1.4705882352941178,5.294117647058823,0.23529411764705882,41.09958570677289,16.58823529411765,77.35489809335964,2.7058823529411766,45.45793349669582,58.608537430966884,67.76470588235294,31.176470588235293,11.823529411764707,13.392727723590674,8.35504876839147,7.235294117647059,-0.7107999999999998,19.163318311195447
10170,PORTOMARÍN,Lugo,42.816715,-7.750347,780.0,8,2639,22.75,12.625,6.0,1.625,0.0,33.5762,36.14688000000002,37.12,23.827914285714286,1.375,3.875,18.184399999999986,1.125,4.25,0.125,43.87624199020227,19.875,84.91571428571429,3.25,47.347767979466646,54.78044370000829,73.75,40.5,17.0,11.614270557029176,8.904137931034482,11.75,-1.3886,22.36861751152074
19041,A MEZQUITA,Ourense,42.01746,-7.048907,1025.0,17,6051,31.235294117647058,15.176470588235293,6.117647058823529,0.47058823529411764,0.0,32.87,35.02850000000002,37.08,25.03700916230366,1.1176470588235294,3.588235294117647,18.0,2.0,7.176470588235294,0.23529411764705882,34.05100168601859,9.647058823529411,61.70219478737997,1.0,39.25390770685315,42.74961131425663,59.23529411764706,20.41176470588235,1.8235294117647058,10.990884151379937,10.406372500413156,51.411764705882355,-5.17,26.081820445920304
19071,ORDES,A Coruña,43.06872,-8.412142,266.0,14,4896,24.142857142857142,12.071428571428571,6.285714285714286,2.0714285714285716,0.35714285714285715,33.684500000000014,37.188700000000445,38.84,24.230047923322683,0.07142857142857142,0.8571428571428571,17.2,1.2857142857142858,4.5,0.14285714285714285,44.8510231435172,21.857142857142858,78.42846832397755,0.8571428571428571,47.936584746759095,59.980545594849715,81.71428571428571,40.214285714285715,16.714285714285715,13.023976715686274,10.741180555555555,26.0,-3.562,21.578362282878413
10146,CASTRO DE REI,Lugo,43.155926,-7.485878,428.0,17,6051,24.41176470588235,12.058823529411764,6.294117647058823,1.6470588235294117,0.29411764705882354,33.425,37.50700000000019,39.0,24.2633835078534,0.058823529411764705,1.3529411764705883,17.265,1.411764705882353,5.117647058823529,0.29411764705882354,46.52492980263066,23.294117647058822,80.97980198019802,1.3529411764705883,48.941577367771345,60.3067120992618,85.3529411764706,44.294117647058826,19.88235294117647,12.075071888943977,10.40237646669972,32.529411764705884,-3.7649999999999997,22.89598185483871
19069,O GROVE,Pontevedra,42.45738,-8.876006,9.0,15,5010,24.866666666666667,12.866666666666667,6.4,1.8,0.13333333333333333,33.5173,37.14910000000009,39.16,24.70441693290735,1.0,10.266666666666667,18.998199999999997,1.2666666666666666,4.066666666666666,0.13333333333333333,42.13416474267503,19.733333333333334,78.26916932907348,10.2,46.201822418712716,56.71220006789453,78.6,36.0,14.0,15.010988023952093,8.355365269461078,0.26666666666666666,1.5118,18.68294673068867
10168,COSPEITO,Lugo,43.24025,-7.555116,408.0,8,2489,19.5,11.875,6.5,1.625,0.375,33.5524,38.10480000000007,39.4,24.11393092105263,0.0,1.25,17.0412,0.875,3.25,0.125,48.93458631074601,19.875,84.39309210526316,1.25,50.3078779886156,60.42481584523413,70.5,38.125,18.375,12.133828846926477,10.641241462434714,28.5,-3.6408,22.58913978494624
14005,MARÍN,Pontevedra,42.39707,-8.69362,4.0,6,1966,28.833333333333332,14.166666666666666,6.5,1.1666666666666667,0.16666666666666666,33.397,36.454900000000045,38.23,25.313236434108525,10.666666666666666,42.333333333333336,21.058499999999988,1.0,3.3333333333333335,0.0,41.58494761075038,23.833333333333332,80.32170542635659,40.166666666666664,45.85666757150721,55.08064707297866,106.33333333333333,47.5,18.5,16.617807731434386,7.589333672431334,0.0,3.5229999999999997,17.639536980930316
19042,CALVOS DE RANDÍN,Ourense,41.961655,-7.895386,890.0,17,6051,29.176470588235293,15.882352941176471,6.823529411764706,1.0588235294117647,0.0,33.245,35.828000000000024,37.53,24.4989332460733,0.0,0.0,13.184999999999999,1.5294117647058822,6.235294117647059,0.29411764705882354,40.17842435601336,22.647058823529413,76.36587926509186,0.0,44.76161031307001,57.13921817422044,77.6470588235294,41.76470588235294,15.0,10.09095190877541,13.635602379771939,92.0,-8.905000000000001,26.976093453510437
19046,VILANOVA DE AROUSA,Pontevedra,42.539917,-8.784433,72.0,17,5826,28.529411764705884,14.058823529411764,6.9411764705882355,1.588235294117647,0.17647058823529413,33.4375,37.00700000000004,38.86,24.904220055710304,0.5882352941176471,7.352941176470588,18.455000000000002,1.4705882352941178,4.823529411764706,0.11764705882352941,41.43714679279457,20.058823529411764,73.57360724233983,7.294117647058823,45.66541521410637,56.95062651386682,80.58823529411765,36.8235294117647,13.117647058823529,14.741352557500857,9.052574665293513,1.588235294117647,0.59,19.41357033819375
10129,SANXENXO,Pontevedra,42.40308,-8.798792,34.0,17,6051,29.41176470588235,15.705882352941176,7.588235294117647,1.7058823529411764,0.11764705882352941,33.75,36.84750000000018,39.43,24.802329842931933,1.1176470588235294,14.764705882352942,19.235,1.1764705882352942,4.176470588235294,0.17647058823529413,41.3475101842638,22.058823529411764,75.76505235602095,14.470588235294118,45.609967512347254,56.899472898973826,84.82352941176471,38.76470588235294,15.411764705882353,15.473572963146587,7.976304743017682,0.17647058823529413,2.5999999999999996,17.895940623932184
19066,RIBADUMIA,Pontevedra,42.497288,-8.763514,27.0,15,5261,31.933333333333334,16.466666666666665,7.866666666666666,1.5333333333333334,0.13333333333333333,33.37999999999998,37.088800000000084,39.02,25.278541666666666,0.4,6.333333333333333,18.497999999999994,1.3333333333333333,4.866666666666666,0.2,42.46641512608568,23.866666666666667,77.8508875739645,5.4,46.658096406253506,57.637875558679,90.73333333333333,44.53333333333333,17.866666666666667,14.660142558448966,10.14225812583159,8.333333333333334,-0.954,20.835760368663593
10172,AS NEVES,Pontevedra,42.133602,-8.412954,681.0,8,2650,28.125,16.5,7.875,1.75,0.0,33.90019999999999,36.41954000000006,37.4,24.51007142857143,12.75,23.25,23.230199999999993,1.375,5.0,0.125,36.44954990671808,15.625,74.61285714285714,9.25,41.21637516434093,45.8140895352895,66.625,32.125,7.0,13.629422641509434,7.246015094339623,1.0,0.6388000000000001,20.57029659972312
10124,SANTIAGO DE COMPOSTELA,A Coruña,42.87596,-8.559434,255.0,17,6020,28.58823529411765,15.882352941176471,7.882352941176471,2.1176470588235294,0.29411764705882354,34.01620000000001,37.46202000000028,40.03,24.58757853403141,0.35294117647058826,3.3529411764705883,17.91620000000001,1.2941176470588236,4.882352941176471,0.29411764705882354,44.214431306518165,24.235294117647058,77.75909685863874,3.3529411764705883,47.62934395462225,58.63285983571299,85.3529411764706,44.411764705882355,18.764705882352942,13.728119601328903,8.813654485049833,3.176470588235294,0.1419,20.091462286527516
10142,VIGO,Pontevedra,42.225945,-8.713502,100.0,17,5953,29.705882352941178,15.823529411764707,8.0,1.411764705882353,0.058823529411764705,33.269199999999984,36.43688000000038,39.12,24.89318062827225,5.411764705882353,20.41176470588235,20.65959999999999,1.2941176470588236,4.470588235294118,0.11764705882352941,38.66025838443072,20.176470588235293,74.00124345549737,17.823529411764707,43.508984155225775,52.05903405126454,90.29411764705883,38.35294117647059,11.764705882352942,15.619252477742315,8.17512010750882,0.11764705882352941,2.6904000000000003,18.360584677419354
10144,ARZÚA,A Coruña,42.931965,-8.17469,362.0,17,6051,29.823529411764707,15.823529411764707,8.235294117647058,2.0588235294117645,0.23529411764705882,33.9,37.09600000000006,39.2,24.540471204188478,0.0,0.47058823529411764,16.525,1.6470588235294117,6.235294117647059,0.17647058823529413,45.97850892744669,26.470588235294116,79.4455621301775,0.47058823529411764,48.75038449999477,60.37548441213548,87.94117647058823,48.588235294117645,21.235294117647058,12.642845810609817,10.674776070071063,25.705882352941178,-3.1,22.38188092979127
19072,PONTE CALDELAS,Pontevedra,42.39316,-8.506196,350.0,14,4897,30.357142857142858,17.142857142857142,8.357142857142858,2.142857142857143,0.35714285714285715,34.041199999999996,37.822240000000086,40.02,24.801813099041535,2.4285714285714284,8.857142857142858,19.381199999999996,1.7142857142857142,6.0,0.2857142857142857,40.7190946637897,20.785714285714285,73.55591054313099,7.714285714285714,45.14893027590337,55.542445513984674,79.42857142857143,37.857142857142854,13.214285714285714,13.87336736777619,9.182523994282214,3.642857142857143,0.0,21.0082382133995
10098,SAMOS,Lugo,42.747143,-7.24874,826.0,17,6051,34.1764705882353,18.352941176470587,8.529411764705882,1.6470588235294117,0.11764705882352941,33.695,37.53650000000005,38.81,24.877192408376963,0.8235294117647058,3.235294117647059,17.615000000000002,1.6470588235294117,6.352941176470588,0.23529411764705882,40.4404441801029,24.705882352941178,73.53848167539267,2.2941176470588234,44.912970365606085,55.06418108725478,77.47058823529412,43.470588235294116,17.11764705882353,11.68128243265576,9.759410014873573,21.764705882352942,-2.6500000000000004,23.669632352941175
10158,LALÍN,Pontevedra,42.656265,-8.107154,601.0,10,3418,28.2,16.5,8.8,2.0,0.2,33.8766,36.94567000000026,39.62,24.675610859728508,1.0,3.4,17.956399999999995,1.4,4.8,0.1,42.940522503484914,23.8,78.70701357466064,3.1,46.68144861468525,55.27818963438763,82.0,44.5,17.7,12.74610298420129,9.720693387946168,10.3,-1.3965999999999998,22.512724014336918
19024,ANTAS DE ULLA,Lugo,42.72039,-7.831607,647.0,17,5692,28.11764705882353,15.823529411764707,8.882352941176471,2.764705882352941,0.5294117647058824,34.7227,38.65888000000007,39.48,24.588704735376048,0.23529411764705882,0.8823529411764706,16.372700000000005,1.3529411764705883,4.764705882352941,0.11764705882352941,46.757014550512324,23.764705882352942,78.38569434752267,0.8823529411764706,49.310267268847355,58.93885672597287,79.52941176470588,42.94117647058823,19.41176470588235,11.66229444834856,10.468044624033732,22.529411764705884,-2.4336,23.308498050807522
19011,ROIS,A Coruña,42.7965,-8.716,111.0,17,5585,31.41176470588235,17.294117647058822,8.882352941176471,2.3529411764705883,0.4117647058823529,34.39959999999999,38.23072000000003,39.68,25.316439560439562,0.11764705882352941,2.176470588235294,17.74,1.0588235294117647,4.117647058823529,0.17647058823529413,48.25403020383002,26.647058823529413,81.30862068965517,1.9411764705882353,50.63020021888684,62.256622168835044,81.11764705882354,47.411764705882355,23.58823529411765,13.923928379588183,9.846207699194268,4.823529411764706,-0.35159999999999997,20.866355368867502
10061,LALÍN,Pontevedra,42.614384,-8.137295,500.0,17,6051,34.470588235294116,20.11764705882353,9.235294117647058,2.176470588235294,0.17647058823529413,34.155,37.05,39.31,25.186852094240837,0.0,0.058823529411764705,15.879999999999999,1.588235294117647,5.705882352941177,0.23529411764705882,45.445123579236395,30.0,76.8366077275704,0.058823529411764705,48.32824331515672,60.48082928209594,92.29411764705883,52.705882352941174,24.705882352941178,11.976570814741367,12.453331680713932,52.1764705882353,-5.0,24.70357123655914
10121,CERDEDO-COTOBADE,Pontevedra,42.467537,-8.502887,367.0,17,6051,32.1764705882353,18.764705882352942,9.529411764705882,2.176470588235294,0.29411764705882354,33.96,36.98850000000002,39.63,24.754522251308902,0.058823529411764705,0.5294117647058824,16.625,1.7058823529411764,5.9411764705882355,0.23529411764705882,43.62493559789105,26.941176470588236,78.1431488801054,0.5294117647058824,47.306979656241666,59.95833620813757,88.29411764705883,48.11764705882353,21.0,12.933186250206576,11.305316476615436,28.941176470588236,-3.145,22.892809535104366
10064,PONTEVEDRA,Pontevedra,42.40924,-8.664094,52.0,17,6051,36.411764705882355,19.529411764705884,9.764705882352942,1.8235294117647058,0.11764705882352941,34.11,36.687500000000036,38.29,25.636891361256545,0.7647058823529411,8.705882352941176,18.725,0.9411764705882353,3.235294117647059,0.11764705882352941,43.87055152349714,31.88235294117647,78.682722513089,8.705882352941176,47.40107573076756,58.210775072137935,112.70588235294117,56.11764705882353,25.470588235294116,14.847382250867627,9.627742521897208,2.764705882352941,0.3,20.590773244781783
10048,VILARIÑO DE CONSO,Ourense,42.11956,-7.344628,1026.0,17,6051,41.8235294117647,22.235294117647058,9.764705882352942,1.588235294117647,0.0,33.96,36.15900000000001,37.5,25.776230366492147,0.0,0.4117647058823529,15.325,2.2941176470588234,8.294117647058824,0.23529411764705882,37.957080723511844,24.11764705882353,65.66845238095237,0.4117647058823529,42.87856707464998,48.81338033060359,78.58823529411765,42.1764705882353,12.411764705882353,10.358456453478764,11.974933068914227,67.47058823529412,-5.41,27.363848434535104
19068,MEAÑO,Pontevedra,42.436275,-8.774661,97.0,15,5189,36.2,20.933333333333334,10.066666666666666,2.466666666666667,0.26666666666666666,33.92559999999998,37.5974400000001,38.74,25.712440476190473,0.2,3.933333333333333,18.1112,1.3333333333333333,4.933333333333334,0.3333333333333333,45.47272516779756,32.266666666666666,78.05438988095239,3.933333333333333,48.4539883199969,59.982826404900145,108.0,56.666666666666664,26.066666666666666,15.029708999807285,9.963041048371554,1.3333333333333333,0.8576,20.34801843317972
10089,MELIDE,A Coruña,42.907383,-7.982653,477.0,17,6051,36.8235294117647,20.235294117647058,10.352941176470589,2.823529411764706,0.47058823529411764,34.545,38.11,40.11,25.24697643979058,0.11764705882352941,0.35294117647058826,16.325,1.5294117647058822,5.411764705882353,0.17647058823529413,45.870388101704435,31.41176470588235,77.22696335078534,0.35294117647058826,48.73498235754667,58.54945352174854,92.82352941176471,53.470588235294116,24.0,12.463073872087257,11.129766980664353,20.764705882352942,-2.33,23.495254032258064
19003,VEDRA,A Coruña,42.78478,-8.434715,225.0,17,6029,38.705882352941174,21.352941176470587,10.647058823529411,2.9411764705882355,0.35294117647058826,34.4744,37.97496000000012,39.75,25.65370078740158,0.6470588235294118,4.647058823529412,18.34600000000001,1.1764705882352942,4.9411764705882355,0.35294117647058826,47.73527119867751,34.470588235294116,77.82468396540253,4.529411764705882,49.73264559682466,60.94617314089682,102.88235294117646,59.0,27.647058823529413,14.137915077127216,9.83222259081108,9.117647058823529,-1.23,21.50366519945826
19056,MEIS,Pontevedra,42.53713,-8.716114,52.0,17,5788,35.35294117647059,21.058823529411764,10.764705882352942,2.764705882352941,0.5882352941176471,34.23170000000001,38.304080000000106,40.07,25.690577994428967,0.7058823529411765,11.176470588235293,19.0,1.3529411764705883,4.647058823529412,0.23529411764705882,45.51808366835795,29.529411764705884,74.8149721448468,11.176470588235293,48.83524512771835,63.762260356164596,96.29411764705883,51.705882352941174,22.647058823529413,15.055957152729787,9.572629578438148,2.588235294117647,0.12870000000000004,20.450636306135358
10053,LUGO,Lugo,42.992695,-7.546897,400.0,17,6051,38.23529411764706,21.294117647058822,10.764705882352942,3.3529411764705883,0.6470588235294118,34.870000000000005,38.43600000000006,40.62,25.740287958115186,0.058823529411764705,1.7058823529411764,17.455,1.3529411764705883,4.9411764705882355,0.17647058823529413,49.21354430286736,34.705882352941174,75.67225130890053,1.7058823529411764,50.70178022517788,62.66524879131188,101.29411764705883,59.294117647058826,28.41176470588235,12.57036853412659,11.206845149562055,28.941176470588236,-3.275,24.380551075268816
10095,BOQUEIXÓN,A Coruña,42.822826,-8.461246,231.0,17,6051,37.0,20.88235294117647,11.294117647058824,2.8823529411764706,0.35294117647058826,34.53,37.91500000000008,40.28,25.490490837696335,0.47058823529411764,3.9411764705882355,18.085,1.4705882352941178,5.647058823529412,0.29411764705882354,47.13646690578896,33.88235294117647,79.01614173228347,3.9411764705882355,49.355338795912225,62.842413032342314,102.17647058823529,59.11764705882353,27.88235294117647,13.784967773921665,9.970072715253677,8.823529411764707,-0.99,21.771643817204303
10127,CALDAS DE REIS,Pontevedra,42.595306,-8.618997,268.0,17,6051,35.76470588235294,21.294117647058822,11.294117647058824,2.9411764705882355,0.35294117647058826,34.415,37.906000000000056,39.52,25.513625654450262,0.9411764705882353,3.5294117647058822,17.99,1.2352941176470589,4.470588235294118,0.23529411764705882,44.31944690438822,28.470588235294116,75.42875,3.176470588235294,47.7370632927411,55.888250702013494,94.94117647058823,50.11764705882353,21.941176470588236,13.99223599405057,9.10300115683358,1.9411764705882353,0.745,20.65258538899431
10056,MONFORTE DE LEMOS,Lugo,42.473194,-7.501777,645.0,17,6051,39.588235294117645,23.41176470588235,11.529411764705882,2.7058823529411766,0.11764705882352941,34.49,37.36600000000006,38.74,25.851197643979056,1.7647058823529411,4.9411764705882355,18.47,1.4705882352941178,5.235294117647059,0.23529411764705882,43.86974806979467,31.88235294117647,73.6413499344692,4.176470588235294,47.28664900350531,56.19388781720349,88.47058823529412,52.294117647058826,24.176470588235293,12.422164931416294,9.621262601222938,16.294117647058822,-1.95,24.062520161290326
19047,O ROSAL,Pontevedra,41.938732,-8.789739,47.0,17,6050,40.705882352941174,24.0,12.176470588235293,3.411764705882353,0.47058823529411764,34.850600000000014,38.146080000000076,41.52,26.023706614276357,1.588235294117647,10.529411764705882,19.270200000000006,1.3529411764705883,5.117647058823529,0.17647058823529413,45.427233855622134,34.470588235294116,76.20637738330046,10.470588235294118,48.49016936588763,66.25338377980025,113.6470588235294,60.529411764705884,26.705882352941178,14.862664462809917,10.107684297520661,4.235294117647059,-0.18529999999999996,21.375451850094876
10060,TUI,Pontevedra,42.0786,-8.679444,484.0,17,6051,36.35294117647059,22.705882352941178,12.411764705882353,3.7058823529411766,0.4117647058823529,35.09,38.4825000000004,39.93,24.719430628272253,3.3529411764705883,10.235294117647058,19.875,1.2941176470588236,5.117647058823529,0.23529411764705882,43.614052449770924,28.647058823529413,77.12755235602094,8.764705882352942,47.24296421662845,56.01057322023388,82.70588235294117,46.11764705882353,21.294117647058822,13.375133035861841,8.495433812592958,2.7058823529411766,0.33,20.822960151802654
19050,VILA DE CRUCES,Pontevedra,42.77911,-8.318691,211.0,17,6051,41.76470588235294,23.88235294117647,12.470588235294118,4.117647058823529,0.5294117647058824,35.230000000000004,38.293500000000094,40.22,25.95778141361257,0.29411764705882354,4.294117647058823,18.1,1.6470588235294117,5.647058823529412,0.17647058823529413,49.05665411949613,33.705882352941174,76.47403273809525,4.176470588235294,51.318771022542094,61.95301715851419,93.3529411764706,54.88235294117647,27.294117647058822,13.97186911254338,10.537600396628656,15.176470588235293,-2.04,22.586596299810246
10175,PAZOS DE BORBÉN,Pontevedra,42.297,-8.527,273.0,4,1281,37.75,23.0,12.5,3.25,0.0,35.060000000000024,37.55240000000004,37.95,26.744126506024095,2.5,9.0,19.426000000000016,0.75,2.5,0.0,47.243374687820506,33.25,77.90060240963855,8.75,49.41859694806713,53.98352233419105,103.75,57.0,26.25,14.797978142076502,9.658259172521467,2.25,0.338,22.73193548387097
10154,REDONDELA,Pontevedra,42.3207,-8.601872,260.0,17,6051,39.705882352941174,23.58823529411765,12.764705882352942,3.2941176470588234,0.5882352941176471,34.925,38.55450000000008,40.98,25.755680628272255,2.4705882352941178,7.823529411764706,19.32,1.6470588235294117,6.0,0.4117647058823529,42.22279255868526,28.647058823529413,73.11253387533876,6.176470588235294,46.25546115206467,55.12516213834205,97.0,49.23529411764706,19.764705882352942,14.304610808130887,9.313108577094694,0.8235294117647058,1.21,21.02612310246679
10102,FOLGOSO DO COUREL,Lugo,42.59468,-7.192392,777.0,17,6047,45.8235294117647,26.823529411764707,13.764705882352942,3.5294117647058822,0.35294117647058826,34.9016,37.80816000000003,39.33,25.993187172774867,2.0,5.823529411764706,18.8654,1.7647058823529411,6.0588235294117645,0.23529411764705882,41.7435795524643,31.0,68.852945026178,3.3529411764705883,45.91318894388728,54.077909293635884,83.29411764705883,49.529411764705884,20.235294117647058,12.050466346948902,10.135564742847693,24.470588235294116,-2.6224,24.954900424772223
10116,VIANA DO BOLO,Ourense,42.16304,-7.089615,851.0,17,6051,47.11764705882353,28.647058823529413,13.882352941176471,2.235294117647059,0.11764705882352941,34.46,37.04150000000012,38.97,26.58696335078534,0.11764705882352941,0.4117647058823529,15.68,1.9411764705882353,7.176470588235294,0.23529411764705882,42.513677594095924,35.94117647058823,69.35547493403693,0.29411764705882354,46.45110769207754,54.01456087453712,91.94117647058823,56.23529411764706,26.0,11.546757560733765,12.110925466864982,46.588235294117645,-5.255,27.362192836812145
19021,CHANTADA,Lugo,42.614433,-7.718322,391.0,17,5924,47.411764705882355,28.058823529411764,13.941176470588236,3.7058823529411766,0.5294117647058824,35.14769999999999,38.59154000000001,40.03,26.562873036649215,0.23529411764705882,3.8823529411764706,18.063099999999984,1.3529411764705883,5.235294117647059,0.17647058823529413,48.990550840633176,41.1764705882353,72.93959424083769,3.8823529411764706,50.56032006911002,62.0419435493704,105.6470588235294,64.0,32.94117647058823,13.33079339134875,10.602965901417962,14.882352941176471,-1.9,24.3138488731772
10110,BALTAR,Ourense,41.94622,-7.708379,807.0,17,6051,42.88235294117647,25.88235294117647,14.0,3.176470588235294,0.17647058823529413,34.86,37.21200000000012,38.44,26.242441099476437,0.0,0.11764705882352941,14.735,1.6470588235294117,5.882352941176471,0.29411764705882354,41.26246812693434,29.941176470588236,67.38394495412844,0.058823529411764705,45.545730695000515,54.03617614525234,85.76470588235294,48.88235294117647,18.764705882352942,11.206402247562387,13.31959510824657,72.0,-6.895,27.890185009487663
19040,VILARDEVÓS,Ourense,41.898197,-7.188015,778.0,17,6051,47.23529411764706,27.41176470588235,14.235294117647058,2.6470588235294117,0.17647058823529413,34.644999999999996,37.48900000000002,38.66,26.772598167539265,2.6470588235294117,9.235294117647058,19.494999999999997,1.8235294117647058,7.176470588235294,0.47058823529411764,39.17323860797245,26.58823529411765,61.456217277486914,7.352941176470588,43.88173939624243,49.11414021222694,83.3529411764706,43.0,14.764705882352942,12.623477111221284,9.882663642373162,21.176470588235293,-2.5999999999999996,26.094883776091084
10156,PONTEVEDRA,Pontevedra,42.425896,-8.643984,20.0,12,4078,51.583333333333336,27.833333333333332,14.583333333333334,4.083333333333333,0.6666666666666666,35.2092,38.49846,40.12,27.18510299625468,2.0833333333333335,20.083333333333332,19.5823,1.0833333333333333,3.9166666666666665,0.25,45.56996105572757,41.416666666666664,71.99325842696629,20.083333333333332,48.42491713562855,59.11517845600508,137.25,75.0,30.416666666666668,15.861248160863168,10.712694948504167,2.25,0.38080000000000014,22.1042339009325
10108,PORTOMARÍN,Lugo,42.813114,-7.620155,447.0,17,6051,47.705882352941174,27.529411764705884,14.588235294117647,4.588235294117647,1.0,35.53,38.73800000000003,41.09,26.67996073298429,0.0,1.1764705882352942,17.11,1.6470588235294117,6.0,0.23529411764705882,51.65095824788325,44.0,76.28998691099477,1.1764705882352942,51.96556954572307,64.26960534629447,110.70588235294117,71.76470588235294,37.11764705882353,12.444916542720211,11.743683688646504,30.823529411764707,-3.925,25.501532930107526
10113,BAÑOS DE MOLGAS,Ourense,42.23335,-7.629124,604.0,17,6051,46.294117647058826,27.176470588235293,14.764705882352942,3.588235294117647,0.5294117647058824,34.995000000000005,38.472000000000264,39.9,26.42849476439791,0.058823529411764705,1.0588235294117647,16.69,1.5294117647058822,5.470588235294118,0.17647058823529413,44.74102210921699,35.94117647058823,70.69643328929986,1.0,47.9718736437668,57.848573143290345,96.52941176470588,55.705882352941174,26.058823529411764,12.514391009750454,11.48652784663692,29.705882352941178,-3.7350000000000003,25.58320445920304
10109,AVIÓN,Ourense,42.414585,-8.238242,553.0,17,6051,45.705882352941174,28.11764705882353,15.0,3.8823529411764706,0.29411764705882354,35.085,37.8295,39.25,26.161780104712044,1.0588235294117647,4.176470588235294,18.325,1.5294117647058822,5.705882352941177,0.23529411764705882,44.196331682843635,36.05882352941177,71.27873036649214,4.0,47.60425172847383,56.02639842196229,93.05882352941177,54.529411764705884,25.88235294117647,12.820760204924806,9.985486696413815,9.882352941176471,-1.255,23.82570564516129
19039,RIÓS,Ourense,41.98036,-7.285618,839.0,17,6050,49.0,29.0,15.117647058823529,3.3529411764705883,0.11764705882352941,34.83040000000001,36.92951000000001,38.98,26.74562827225131,1.9411764705882353,5.823529411764706,18.785300000000007,2.176470588235294,7.764705882352941,0.35294117647058826,39.43517055555508,30.294117647058822,64.8053664921466,4.470588235294118,44.04738609316353,48.138089445532515,88.70588235294117,49.0,18.470588235294116,12.16865123966942,10.81997520661157,33.0,-3.8802,26.732125237191653
10111,ENTRIMO,Ourense,41.944828,-8.106171,763.0,17,6051,47.588235294117645,29.941176470588236,15.588235294117647,3.4705882352941178,0.29411764705882354,34.915,37.8835000000001,38.93,26.074306282722514,2.764705882352941,8.058823529411764,19.595,1.7058823529411764,5.9411764705882355,0.17647058823529413,41.692039042603426,34.11764705882353,71.19861842105263,6.235294117647059,45.835120435502375,52.085409738925655,92.47058823529412,53.411764705882355,23.11764705882353,12.565304908279622,10.35212108015204,15.058823529411764,-1.94,24.594985115749527
10100,QUIROGA,Lugo,42.492397,-7.275823,697.0,17,6050,51.294117647058826,30.764705882352942,16.352941176470587,4.411764705882353,0.47058823529411764,35.2002,38.16951000000001,40.31,26.752486910994765,1.7058823529411764,5.411764705882353,18.70550000000001,1.588235294117647,6.0,0.29411764705882354,46.133832740831906,41.94117647058823,73.80832778147902,4.882352941176471,48.85819535630736,56.69011843417888,102.17647058823529,63.35294117647059,33.1764705882353,12.528130578512396,10.651864462809916,20.705882352941178,-2.5151,25.62662832068311
10112,CELANOVA,Ourense,42.173622,-7.968152,623.0,17,6051,51.411764705882355,31.176470588235293,17.41176470588235,4.235294117647059,0.4117647058823529,35.375,38.00150000000012,39.67,27.031760471204187,2.2941176470588234,6.0,19.025,1.588235294117647,5.529411764705882,0.11764705882352941,47.44915499099288,42.76470588235294,74.49371727748691,4.882352941176471,49.667632785898974,56.1617798405806,106.0,67.0,35.11764705882353,12.971609651297305,10.314366220459428,10.294117647058824,-1.4049999999999998,24.672252134724857
10165,O PORRIÑO,Pontevedra,42.145294,-8.61188,41.0,8,2650,53.5,32.25,18.125,6.625,0.875,36.490199999999994,39.44212000000002,39.64,27.526214285714282,0.375,5.375,18.405099999999997,1.0,3.75,0.125,56.23255272896089,52.875,79.68857142857142,5.375,54.777800458075035,62.389711312934935,137.75,88.875,47.25,15.095603773584909,12.280543396226417,12.25,-2.0405999999999995,24.221990290341544
19031,COLES,Ourense,42.42953,-7.836478,403.0,17,5704,49.64705882352941,31.529411764705884,18.176470588235293,5.176470588235294,0.9411764705882353,35.929700000000004,38.87594000000001,40.06,27.14358635097493,0.7058823529411765,5.0,18.449700000000004,1.2941176470588236,5.294117647058823,0.29411764705882354,48.35957370705267,39.23529411764706,68.94159663865547,4.9411764705882355,50.2846604369968,59.95998483352257,97.76470588235294,59.294117647058826,30.647058823529413,13.62759292140603,10.602757713884992,15.764705882352942,-2.1485,24.96787184636626
19020,SARRIA,Lugo,42.79668,-7.381559,416.0,17,5946,55.64705882352941,32.705882352941174,18.529411764705884,5.235294117647059,1.0,35.911,39.13650000000008,40.81,27.355222513089004,0.058823529411764705,1.4705882352941178,17.355500000000003,1.5294117647058822,5.647058823529412,0.29411764705882354,53.70165683683052,52.1764705882353,76.64338138925295,1.4705882352941178,53.40434678754887,64.85174423524448,118.3529411764706,79.05882352941177,45.23529411764706,12.586367305751768,12.919007736293308,44.35294117647059,-5.8454999999999995,27.13799059139785
19027,XINZO DE LIMIA,Ourense,42.101776,-7.717683,616.0,17,6041,54.470588235294116,33.76470588235294,19.176470588235293,5.882352941176471,0.8235294117647058,36.03200000000001,38.87880000000027,40.08,27.19725130890052,0.0,0.23529411764705882,15.37,1.6470588235294117,5.882352941176471,0.23529411764705882,49.91676571246122,49.11764705882353,74.8946335078534,0.17647058823529413,51.314846508614906,62.16580207975749,108.3529411764706,71.94117647058823,42.0,12.072186724052306,13.231875517298459,52.11764705882353,-6.232,27.751318020075825
19033,CASTRO CALDELAS,Ourense,42.38756,-7.431971,469.0,17,5971,60.05882352941177,38.705882352941174,20.764705882352942,5.470588235294118,0.6470588235294118,35.9,38.50600000000013,40.94,27.525831151832463,0.7058823529411765,4.352941176470588,18.249000000000006,1.7058823529411764,6.352941176470588,0.29411764705882354,48.6505246028225,46.88235294117647,68.32630890052356,4.176470588235294,50.71472514660886,61.893539539922635,109.0,69.88235294117646,36.1764705882353,13.543453362585831,11.391771897504604,21.529411764705884,-3.263,25.837484582542697
10166,MONDARIZ,Pontevedra,42.246513,-8.454067,235.0,8,2650,57.5,35.625,21.25,7.625,1.25,36.605699999999985,39.39265000000002,39.93,27.663614285714285,3.125,10.125,19.79549999999999,1.375,4.625,0.125,50.82824868194065,52.125,76.88428571428571,9.75,52.045447903117825,58.89636513619784,123.0,77.0,43.125,15.219769811320754,10.406,2.25,0.4145000000000001,23.37751152073733
10099,BÓVEDA,Lugo,42.64761,-7.476274,432.0,17,6051,62.411764705882355,38.94117647058823,22.058823529411764,6.823529411764706,1.1764705882352942,36.375,39.176500000000054,40.99,27.731734293193714,0.0,1.588235294117647,17.244999999999997,1.2941176470588236,4.764705882352941,0.17647058823529413,50.865522282625236,52.470588235294116,71.29015852047556,1.5294117647058822,51.896726701486706,62.26501254067807,118.41176470588235,77.52941176470588,42.588235294117645,12.962662369856224,12.416731118823337,30.58823529411765,-4.495,26.805710388994306
19045,PONTEAREAS,Pontevedra,42.180405,-8.524929,41.0,17,6051,65.41176470588235,42.23529411764706,24.647058823529413,8.647058823529411,1.8235294117647058,36.925,39.89450000000008,41.9,28.030608638743452,0.23529411764705882,4.0588235294117645,18.115000000000002,1.3529411764705883,5.0588235294117645,0.23529411764705882,54.539579111570376,56.294117647058826,73.10391061452515,3.3529411764705883,53.93621059005541,66.0509951190118,132.35294117647058,85.82352941176471,48.11764705882353,14.426550983308543,12.829028259791771,23.352941176470587,-3.0549999999999997,25.454458017077798
19054,SALCEDA DE CASELAS,Pontevedra,42.069332,-8.562408,92.0,17,6051,64.11764705882354,42.705882352941174,25.764705882352942,9.529411764705882,2.1176470588235294,37.17,40.53000000000014,42.36,28.004790575916235,2.2941176470588234,12.235294117647058,19.425,1.4705882352941178,5.411764705882353,0.29411764705882354,50.20763139196646,55.8235294117647,73.52081323225362,11.705882352941176,51.77442124708774,64.74223996540593,132.05882352941177,87.23529411764706,46.8235294117647,14.937645017352503,11.285813915055362,7.647058823529412,-0.975,24.246156309297913
19074,SOBER,Lugo,42.411137,-7.634422,319.0,13,4294,65.53846153846153,43.69230769230769,27.307692307692307,9.615384615384615,2.1538461538461537,37.220699999999994,40.108470000000075,40.61,28.824007490636706,0.38461538461538464,4.461538461538462,18.144199999999984,1.2307692307692308,4.538461538461538,0.23076923076923078,55.72797090449654,56.92307692307692,70.60430711610486,4.461538461538462,54.641956245479776,62.17189116331369,118.53846153846153,83.38461538461539,48.61538461538461,13.703164881229622,11.99095482068002,15.153846153846153,-1.6906999999999999,26.793829423264903
19057,SALVATERRA DE MIÑO,Pontevedra,42.11854,-8.442646,150.0,17,5715,67.6470588235294,46.588235294117645,27.647058823529413,10.764705882352942,2.235294117647059,37.398599999999995,40.20572000000002,41.48,28.586511142061283,1.3529411764705883,8.705882352941176,19.06,1.2941176470588236,4.705882352941177,0.17647058823529413,50.909369546046776,57.05882352941177,68.91018973998594,8.588235294117647,52.153095446986455,59.52595812658493,123.05882352941177,82.52941176470588,46.64705882352941,15.108335958005247,11.293104111986002,5.647058823529412,-0.5072,24.771405837173578
19030,LAROUCO,Ourense,42.346,-7.153,522.0,17,5911,67.52941176470588,45.35294117647059,27.647058823529413,9.647058823529411,2.235294117647059,37.38799999999999,40.70080000000012,42.08,28.588479452054795,0.4117647058823529,4.0,18.097999999999995,1.6470588235294117,6.235294117647059,0.29411764705882354,48.202942177098095,49.23529411764706,62.69684931506849,4.0,50.42378046943043,61.300185395553676,108.82352941176471,69.58823529411765,37.294117647058826,13.407413297411606,12.066482828624597,29.176470588235293,-3.9179999999999997,27.814717267552183
19038,LAZA,Ourense,42.067226,-7.472491,575.0,17,5858,67.23529411764706,45.294117647058826,28.88235294117647,10.470588235294118,2.3529411764705883,37.361500000000014,40.0957300000001,41.99,28.599910775566233,0.17647058823529413,1.6470588235294117,17.178600000000007,1.411764705882353,5.352941176470588,0.29411764705882354,47.41569467834581,52.11764705882353,64.67899794097461,1.6470588235294117,50.01906139535806,59.72291425224652,110.29411764705883,72.6470588235294,40.0,12.899078183680437,12.612767156025948,31.470588235294116,-3.61,28.238045540796964
10171,MONFORTE DE LEMOS,Lugo,42.513783,-7.523145,286.0,8,2649,73.75,50.875,31.875,12.25,3.25,37.9276,41.498000000000076,42.07,29.148614285714284,0.625,6.25,18.8312,1.25,4.5,0.25,58.4823348395066,70.125,73.23714285714286,6.25,56.032002042332394,70.90683020198856,132.625,96.25,62.0,14.173272933182332,13.074643261608156,27.375,-4.2372,28.000645161290322
19048,ARBO,Pontevedra,42.134094,-8.263586,187.0,17,6051,73.94117647058823,50.588235294117645,32.76470588235294,12.764705882352942,3.235294117647059,37.775000000000006,41.59200000000012,43.66,28.6719109947644,1.6470588235294117,10.529411764705882,19.29,1.7058823529411764,6.117647058823529,0.23529411764705882,53.045923776440894,58.705882352941174,70.47544642857143,10.176470588235293,53.511221242060735,67.51378245785435,118.47058823529412,82.05882352941177,48.294117647058826,14.704581060981656,11.07365724673608,8.058823529411764,-0.8200000000000001,25.36412357685009
10058,VERÍN,Ourense,41.97433,-7.398772,546.0,17,6051,74.41176470588235,51.76470588235294,32.8235294117647,11.764705882352942,2.176470588235294,37.18,39.74900000000016,41.46,29.100922774869115,1.0,5.0,18.475,1.7058823529411764,6.294117647058823,0.23529411764705882,47.09210079254944,56.529411764705884,63.385016949152536,4.764705882352941,49.62672579266455,57.66119010263928,115.6470588235294,77.76470588235294,42.529411764705884,13.457486365889936,12.206815402412825,27.235294117647058,-3.135,28.27813330170778
10114,RUBIÁ,Ourense,42.46311,-6.929479,577.0,17,6051,75.52941176470588,53.23529411764706,34.0,13.0,3.235294117647059,37.81,40.480000000000146,41.39,29.146302356020943,1.7058823529411764,5.647058823529412,18.755000000000003,1.588235294117647,6.352941176470588,0.29411764705882354,48.34278437205424,57.05882352941177,62.449372108393916,4.9411764705882355,50.47869997872884,58.04430466280737,118.23529411764706,77.11764705882354,42.23529411764706,13.30793257312841,12.421401421252684,29.941176470588236,-3.475,28.566539373814038
19022,PANTÓN,Lugo,42.53537,-7.70489,340.0,17,5700,76.6470588235294,55.0,35.94117647058823,15.764705882352942,5.235294117647059,39.330200000000005,41.86709000000004,43.09,29.469651810584956,0.4117647058823529,5.882352941176471,18.630100000000002,1.411764705882353,5.705882352941177,0.29411764705882354,60.3253555094536,69.0,70.0554933519944,5.647058823529412,57.629776049230365,67.0479498978917,128.2941176470588,93.29411764705883,59.411764705882355,13.827219302035088,12.190900000000001,12.588235294117647,-1.83,27.422597583024075
19023,RIBAS DE SIL,Lugo,42.463108,-7.287173,257.0,17,5847,81.17647058823529,57.0,36.35294117647059,15.470588235294118,4.411764705882353,38.4054,41.88924000000003,43.32,29.7723598615917,0.7647058823529411,7.294117647058823,18.746199999999998,0.9411764705882353,3.823529411764706,0.23529411764705882,55.61797996764464,71.41176470588235,67.55208044382802,7.294117647058823,55.170567865738846,66.656048160098,134.35294117647058,95.17647058823529,59.411764705882355,14.018785706670087,12.965659312467931,24.294117647058822,-3.4308,28.091227071473753
19032,CASTRELO DE MIÑO,Ourense,42.31235,-8.066759,122.0,17,5648,82.70588235294117,58.588235294117645,38.705882352941174,15.764705882352942,4.235294117647059,38.2953,40.88412000000004,42.52,29.864401114206128,0.8823529411764706,6.529411764705882,18.685899999999993,1.411764705882353,5.0588235294117645,0.11764705882352941,57.54839619670061,68.58823529411765,68.40706845238095,6.294117647058823,56.13427529677068,65.98878769985791,129.35294117647058,92.23529411764706,58.88235294117647,14.640007082152977,12.881439447592067,12.470588235294118,-1.9159,27.22267876344086
10500,VERÍN,Ourense,41.95301,-7.439182,392.0,17,5994,84.3529411764706,61.0,40.1764705882353,16.529411764705884,4.0588235294117645,38.21209999999999,40.070490000000035,42.16,29.907328094302557,0.0,0.5294117647058824,16.15,1.2352941176470589,4.470588235294118,0.17647058823529413,56.79064588888921,75.6470588235294,68.9082392026578,0.5294117647058824,55.590976948468004,67.01381809706169,136.58823529411765,100.58823529411765,66.3529411764706,12.901835168501833,15.58927761094428,62.88235294117647,-7.4007000000000005,30.774800112802208
19073,VILAMARTÍN DE VALDEORRAS,Ourense,42.420258,-7.02708,408.0,14,4714,87.64285714285714,64.85714285714286,45.285714285714285,21.0,7.0,39.3487,42.43879000000005,43.13,30.83790017211704,1.7142857142857142,8.5,19.136099999999995,1.3571428571428572,5.142857142857143,0.14285714285714285,52.99435350708728,71.07142857142857,61.11015490533563,8.428571428571429,53.70220848157659,60.27907952882104,128.0,92.28571428571429,58.285714285714285,14.40349809079338,12.997475604582096,24.142857142857142,-3.81,29.869983479518584
10155,OURENSE,Ourense,42.353004,-7.877898,139.0,13,4443,95.53846153846153,69.38461538461539,47.76923076923077,21.076923076923077,6.230769230769231,39.2148,41.41696000000011,44.0,30.621879310344827,5.076923076923077,20.923076923076923,20.371599999999997,1.5384615384615385,5.3076923076923075,0.07692307692307693,55.55768823345528,78.92307692307692,62.58242424242424,20.846153846153847,55.11491048292087,67.87217206427333,147.76923076923077,104.92307692307692,65.0,15.603837497186587,12.508712581589016,9.384615384615385,-1.3058,27.695645161290326
10148,OURENSE,Ourense,42.343487,-7.848846,143.0,16,5568,95.6875,71.4375,49.0625,22.9375,7.625,39.782999999999994,42.50866000000002,44.0,30.691859331476323,1.875,12.8125,19.49,1.1875,4.5,0.1875,56.79655886729726,80.1875,61.22270194986073,12.8125,55.84626718552923,67.87217206427333,146.0,104.1875,65.4375,14.926555316091953,13.31478448275862,19.0625,-2.97,28.550924731182793
19044,A ARNOIA,Ourense,42.23986,-8.130865,120.0,17,5739,97.47058823529412,74.47058823529412,51.588235294117645,24.470588235294116,8.647058823529411,39.95579999999999,42.189300000000095,43.7,31.121984679665736,0.17647058823529413,3.764705882352941,18.216199999999997,1.2352941176470589,4.0,0.0,66.07581359223683,90.47058823529412,69.85686411149827,3.764705882352941,60.61857330399551,70.82819537958116,151.0,115.47058823529412,81.11764705882354,14.180937445548006,14.295856420979266,23.705882352941178,-3.731,29.266910815939283
19026,LEIRO,Ourense,42.359207,-8.118451,105.0,17,6044,104.6470588235294,79.82352941176471,57.294117647058826,28.176470588235293,10.176470588235293,40.04259999999994,42.47882000000009,44.24,31.32850130890052,0.47058823529411764,3.4705882352941178,17.95989999999998,1.588235294117647,5.470588235294118,0.058823529411764705,62.584851910849146,91.3529411764706,67.19570041608877,3.3529411764705883,59.31098626361282,67.40812474663863,153.1764705882353,116.23529411764706,79.58823529411765,14.253059232296494,15.174210787557907,31.705882352941178,-4.4357,30.306806451612907
