lat,lon,altitud,tierra,anom_altitud,residuo,sospechoso,wrf_tx_medio,wrf_tx_p90,wrf_tx_max,wrf_n_ge32,wrf_n_ge35,wrf_n_ge38,wrf_hx_medio,wrf_hx_p90,wrf_n_hx35,anom_tx_medio,anom_tx_p90,anom_hx_p90,tx_p99_1km,tx_verano_1km,hx_p99_1km,nota,d_ssp126,tx_p99_ssp126,d_ssp245,tx_p99_ssp245,d_ssp370,tx_p99_ssp370,d_ssp585,tx_p99_ssp585
42.9218,-9.2942,14.0,1,-30.2,-3.86,0,20.02,22.17,30.57,0,0,0,24.91,27.85,1,-3.68,-5.25,-5.18,19.91,16.46,25.42,-4.60601065025479,1.512,21.422,1.706,21.616,1.656,21.566,1.768,21.678
42.9318,-9.2455,36.0,1,-32.4,-3.56,0,20.55,22.46,30.89,0,0,0,25.28,28.13,0,-3.36,-5.0,-5.02,20.16,16.78,25.58,-4.508775237426256,1.659,21.819,1.907,22.067,1.854,22.014,2.0,22.16
42.9321,-9.2332,2.7,1,-66.8,-3.86,0,20.67,22.6,31.87,0,0,0,25.49,28.45,1,-3.43,-5.04,-4.84,20.12,16.71,25.76,-4.480115133328546,1.659,21.779,1.907,22.027,1.854,21.974,2.0,22.12
42.922,-9.2819,28.7,1,-20.1,-3.56,0,20.14,22.33,30.32,0,0,0,24.94,27.87,0,-3.43,-4.86,-4.93,20.3,16.71,25.67,-4.454237379452101,1.512,21.812,1.706,22.006,1.656,21.956,1.768,22.068
43.0122,-9.2734,28.5,1,-58.5,-3.68,0,20.28,22.01,30.94,0,0,0,25.19,27.88,0,-3.31,-4.92,-4.58,20.24,16.83,26.02,-4.394041865270411,1.538,21.778,1.744,21.983999999999998,1.679,21.918999999999997,1.794,22.034
43.1222,-9.1793,0.2,1,-48.8,-3.25,0,20.06,21.95,33.0,1,0,0,24.88,27.53,1,-2.94,-3.98,-3.83,20.96,17.04,26.85,-4.034601148992124,1.48,22.44,1.671,22.631,1.628,22.588,1.728,22.688000000000002
43.1402,-9.18,22.0,1,-26.3,-2.98,0,19.93,21.56,31.18,0,0,0,24.71,27.25,1,-2.82,-3.94,-3.75,21.0,17.16,26.93,-4.007343839475673,1.48,22.48,1.671,22.671,1.628,22.628,1.728,22.728
43.1219,-9.1916,0.1,1,-38.6,-3.07,0,19.94,21.79,31.25,0,0,0,24.77,27.31,1,-2.83,-3.78,-3.75,21.16,17.15,26.93,-3.967136033550373,1.48,22.64,1.671,22.831,1.628,22.788,1.728,22.888
43.1312,-9.1796,7.6,1,-40.1,-3.07,0,20.03,21.83,31.29,0,0,0,24.83,27.51,1,-2.81,-3.81,-3.63,21.13,17.17,27.05,-3.948866960108677,1.48,22.61,1.671,22.801,1.628,22.758,1.728,22.858
43.1309,-9.1919,7.3,1,-29.7,-2.83,0,19.91,21.64,30.79,0,0,0,24.73,27.44,1,-2.65,-3.57,-3.33,21.37,17.33,27.35,-3.8240351585890022,1.48,22.85,1.671,23.041,1.628,22.998,1.728,23.098000000000003
43.2525,-8.9621,-0.0,1,-76.1,-3.59,0,19.72,21.99,31.08,0,0,0,24.5,27.7,1,-3.1,-3.96,-3.66,21.28,17.08,27.6,-3.792885305562214,1.508,22.788,1.731,23.011000000000003,1.659,22.939,1.767,23.047
43.4698,-8.3256,34.2,1,-46.0,-3.69,0,20.86,23.09,33.1,1,0,0,25.71,28.85,1,-3.4,-5.15,-4.78,21.23,17.35,27.91,-3.738779482527756,1.538,22.768,1.807,23.037,1.781,23.011,1.977,23.207
43.4607,-8.3378,1.4,1,-68.2,-3.81,0,20.65,22.89,33.28,1,0,0,25.6,28.9,1,-3.38,-4.93,-4.42,21.42,17.34,28.21,-3.6265126203597378,1.538,22.958000000000002,1.807,23.227,1.781,23.201,1.977,23.397000000000002
43.2615,-8.9625,8.8,1,-72.2,-3.39,0,19.75,21.97,30.03,0,0,0,24.5,27.79,1,-2.93,-3.79,-3.39,22.18,17.32,28.93,-3.280677319898426,1.485,23.665,1.719,23.899,1.641,23.820999999999998,1.743,23.923
43.2612,-8.9748,5.0,1,-67.2,-3.21,0,19.67,21.83,29.96,0,0,0,24.45,27.64,1,-2.78,-3.5,-3.25,22.47,17.47,29.07,-3.1776912950973486,1.508,23.977999999999998,1.731,24.201,1.659,24.128999999999998,1.767,24.237
43.7211,-7.4737,0.4,1,-29.5,-2.94,0,19.66,21.24,27.6,0,0,0,25.1,27.62,1,-2.75,-3.92,-3.15,23.18,18.75,30.29,-2.736887446268152,1.349,24.529,1.55,24.73,1.465,24.645,1.855,25.035
43.5601,-8.3031,3.7,1,-41.2,-1.4,0,22.18,24.91,30.13,0,0,0,27.13,30.35,0,-1.14,-1.93,-2.16,23.81,19.38,29.77,-2.690404037665605,1.507,25.317,1.771,25.581,1.703,25.512999999999998,1.973,25.782999999999998
43.0672,-9.2264,212.1,1,90.5,-0.43,0,22.2,25.59,32.38,1,0,0,26.86,31.0,4,-1.02,-1.1,-0.89,23.84,18.96,29.79,-2.678563734545829,1.475,25.315,1.679,25.519,1.628,25.468,1.731,25.571
43.3078,-8.89,100.7,1,30.3,-0.83,0,21.82,24.88,31.82,0,0,0,26.57,29.91,2,-1.03,-1.14,-1.42,23.97,19.18,29.68,-2.6695522595298216,1.437,25.407,1.67,25.64,1.582,25.552,1.672,25.642
43.0846,-9.2517,13.8,1,-95.8,-1.0,0,22.41,25.26,29.79,0,0,0,27.45,30.53,2,-0.39,-0.93,-0.91,24.01,19.59,29.77,-2.640144280258979,1.384,25.394000000000002,1.583,25.593,1.522,25.532,1.591,25.601000000000003
42.9776,-9.2104,178.3,1,52.6,-0.55,0,23.61,27.2,32.65,4,0,0,28.23,32.36,7,-0.9,-0.83,-1.08,24.33,19.24,29.52,-2.613495412268149,1.703,26.032999999999998,1.953,26.282999999999998,1.928,26.258,2.069,26.398999999999997
43.7112,-7.6104,5.8,1,-57.3,-2.65,0,20.37,22.4,26.6,0,0,0,25.62,28.5,0,-2.29,-3.6,-3.0,23.57,19.15,30.48,-2.598018193991808,1.421,24.991,1.606,25.176000000000002,1.562,25.132,1.978,25.548000000000002
43.0762,-9.2267,154.7,1,44.5,-0.55,0,22.37,25.83,32.69,1,0,0,27.12,31.11,5,-0.85,-0.84,-0.76,24.1,19.13,29.92,-2.585267343110135,1.475,25.575000000000003,1.679,25.779,1.628,25.728,1.731,25.831000000000003
43.0579,-9.2383,198.1,1,66.9,-0.19,0,22.47,25.92,32.05,1,0,0,27.18,30.89,4,-0.63,-0.67,-0.92,24.27,19.35,29.76,-2.576957265384757,1.475,25.745,1.679,25.948999999999998,1.628,25.898,1.731,26.001
43.0759,-9.239,132.0,1,19.3,-0.49,0,22.44,25.7,32.14,1,0,0,27.27,30.98,3,-0.62,-0.81,-0.71,24.13,19.36,29.97,-2.5669750307271886,1.475,25.605,1.679,25.808999999999997,1.628,25.758,1.731,25.861
43.1764,-9.1691,56.9,1,-29.1,-0.72,0,22.21,25.06,31.07,0,0,0,27.01,30.34,1,-0.54,-0.7,-0.8,24.24,19.44,29.88,-2.558688191943061,1.448,25.688,1.64,25.88,1.572,25.811999999999998,1.665,25.904999999999998
41.9227,-8.8788,162.2,1,78.5,-2.28,0,23.49,27.8,32.97,5,0,0,27.78,32.17,7,-2.79,-3.24,-2.8,24.21,19.0,29.96,-2.549021797518928,2.251,26.461000000000002,2.585,26.795,2.814,27.024,3.269,27.479
42.9686,-9.2101,145.4,1,22.7,-0.61,0,23.77,27.21,33.2,4,0,0,28.39,32.72,8,-0.76,-0.83,-0.78,24.33,19.38,29.82,-2.5489753196364253,1.703,26.032999999999998,1.953,26.282999999999998,1.928,26.258,2.069,26.398999999999997
43.3168,-8.8903,43.1,1,-21.9,-0.85,0,22.05,24.88,29.65,0,0,0,26.82,30.19,1,-0.71,-0.99,-0.92,24.12,19.5,30.18,-2.5243239537553124,1.437,25.557000000000002,1.67,25.79,1.582,25.702,1.672,25.792
42.9683,-9.2224,199.0,1,89.6,-0.13,0,23.65,27.06,32.71,3,0,0,28.31,32.67,10,-0.72,-0.79,-0.68,24.37,19.42,29.92,-2.517416670611192,1.703,26.073,1.953,26.323,1.928,26.298000000000002,2.069,26.439
43.7071,-8.0457,130.5,1,-21.4,-1.33,0,21.73,25.39,30.61,0,0,0,26.53,30.53,4,-1.2,-1.97,-1.92,24.14,19.51,30.2,-2.514996638505868,1.378,25.518,1.532,25.672,1.553,25.693,1.88,26.02
43.1766,-9.1568,106.0,1,13.9,-0.35,0,22.3,25.11,30.76,0,0,0,27.1,30.62,3,-0.44,-0.73,-0.55,24.21,19.54,30.13,-2.512460411694285,1.448,25.658,1.64,25.85,1.572,25.782,1.665,25.875
43.3692,-8.4467,48.6,1,10.3,-1.72,0,23.03,26.51,32.6,1,0,0,27.87,31.51,4,-1.79,-2.57,-2.26,23.96,18.97,30.45,-2.5064636763120607,1.487,25.447000000000003,1.744,25.704,1.706,25.666,1.869,25.829
43.2988,-8.8897,114.1,1,38.5,-0.55,0,22.15,25.27,31.99,0,0,0,26.92,30.48,4,-0.8,-0.91,-1.03,24.25,19.42,30.12,-2.50455912996735,1.482,25.732,1.718,25.968,1.642,25.892,1.741,25.991
43.0582,-9.226,216.6,1,87.4,-0.26,0,22.44,26.2,32.55,1,0,0,27.06,31.28,3,-0.83,-0.57,-0.68,24.37,19.15,30.0,-2.5002113125760648,1.475,25.845000000000002,1.679,26.049,1.628,25.998,1.731,26.101000000000003
42.9866,-9.2108,155.7,1,28.1,-0.45,0,23.81,27.28,33.0,4,0,0,28.48,32.6,8,-0.64,-0.67,-0.72,24.49,19.5,29.88,-2.49586349518478,1.703,26.192999999999998,1.953,26.442999999999998,1.928,26.418,2.069,26.558999999999997
41.7072,-8.8594,33.3,1,-67.5,-2.61,0,23.39,27.05,34.47,1,0,0,28.0,31.41,5,-2.18,-3.12,-2.61,24.33,19.61,30.15,-2.478003217741529,2.251,26.581,2.585,26.915,2.814,27.144,3.269,27.598999999999997
41.725,-8.8721,6.2,1,-151.7,-3.08,0,22.86,26.19,33.07,1,0,0,27.49,30.8,2,-2.11,-3.23,-2.48,24.22,19.68,30.28,-2.477687377508092,2.251,26.471,2.585,26.805,2.814,27.034,3.269,27.488999999999997
43.3076,-8.9023,57.0,1,-15.9,-0.78,0,22.12,25.12,31.0,0,0,0,27.01,30.44,3,-0.68,-0.87,-0.84,24.24,19.53,30.26,-2.476962741276211,1.438,25.677999999999997,1.673,25.912999999999997,1.582,25.822,1.671,25.910999999999998
43.0849,-9.2394,49.9,1,-49.0,-0.48,0,22.89,25.91,30.92,0,0,0,27.77,31.16,4,-0.17,-0.6,-0.52,24.34,19.81,30.16,-2.4733395601168064,1.475,25.815,1.679,26.019,1.628,25.968,1.731,26.071
41.896,-8.8658,28.0,1,-3.0,-2.39,0,23.85,28.13,34.5,4,0,0,28.18,32.2,7,-2.37,-2.85,-2.82,24.6,19.42,29.94,-2.4553166100847905,2.251,26.851000000000003,2.585,27.185000000000002,2.814,27.414,3.269,27.869
43.0389,-9.2868,18.4,1,-77.3,-0.89,0,22.61,25.67,30.68,0,0,0,27.72,31.25,3,-0.39,-0.6,-0.58,24.56,19.75,30.02,-2.4481632035309904,1.384,25.944,1.583,26.142999999999997,1.522,26.081999999999997,1.591,26.151
43.0495,-9.2133,174.4,1,38.7,-0.34,0,22.92,26.55,33.01,1,0,0,27.58,31.6,6,-0.6,-0.53,-0.66,24.63,19.54,29.94,-2.447777646473797,1.605,26.235,1.837,26.467,1.815,26.445,1.942,26.572
43.3267,-8.8412,12.0,1,-37.3,-0.75,0,22.09,24.99,30.02,0,0,0,27.08,30.26,1,-0.51,-0.77,-0.77,24.34,19.7,30.33,-2.4367781742921637,1.422,25.762,1.651,25.991,1.569,25.909,1.671,26.011
43.0492,-9.2256,210.2,1,71.4,-0.19,0,22.72,26.37,32.71,1,0,0,27.36,31.56,4,-0.65,-0.55,-0.58,24.61,19.49,30.02,-2.435598264179334,1.605,26.215,1.837,26.447,1.815,26.425,1.942,26.552
43.0854,-9.2148,57.0,1,-39.7,-0.45,0,23.18,26.43,33.47,1,0,0,28.06,31.48,7,-0.2,-0.4,-0.55,24.54,19.78,30.13,-2.429531811973354,1.475,26.015,1.679,26.218999999999998,1.628,26.168,1.731,26.271
43.0392,-9.2745,74.2,1,-40.2,-0.65,0,22.72,25.75,30.85,0,0,0,27.72,31.54,3,-0.4,-0.7,-0.37,24.46,19.74,30.23,-2.4281290173920955,1.384,25.844,1.583,26.043,1.522,25.982,1.591,26.051000000000002
43.2986,-8.902,88.0,1,8.8,-0.37,0,22.5,25.36,30.73,0,0,0,27.41,30.82,3,-0.43,-0.81,-0.65,24.3,19.78,30.45,-2.4210220887207985,1.485,25.785,1.719,26.019000000000002,1.641,25.941000000000003,1.743,26.043
43.0318,-9.2003,153.8,1,23.1,-0.24,0,23.62,27.26,33.54,2,0,0,28.32,32.12,6,-0.39,-0.37,-0.71,24.79,19.75,29.89,-2.418323189320452,1.605,26.395,1.837,26.627,1.815,26.605,1.942,26.732
43.0585,-9.2137,150.5,1,23.6,-0.37,0,22.88,26.64,32.9,1,0,0,27.54,31.51,5,-0.53,-0.28,-0.61,24.66,19.45,30.07,-2.412279976055723,1.475,26.135,1.679,26.339,1.628,26.288,1.731,26.391000000000002
43.0405,-9.213,171.1,1,38.1,-0.31,0,23.13,26.81,33.1,2,0,0,27.8,31.84,6,-0.56,-0.43,-0.6,24.73,19.58,30.0,-2.4097437492441403,1.605,26.335,1.837,26.567,1.815,26.545,1.942,26.672
43.2887,-8.9511,55.2,1,-35.9,-0.69,0,22.04,24.77,28.8,0,0,0,26.97,30.43,0,-0.47,-0.81,-0.58,24.3,19.74,30.52,-2.405967400440063,1.485,25.785,1.719,26.019000000000002,1.641,25.941000000000003,1.743,26.043
43.0675,-9.2141,120.9,1,2.4,-0.53,0,22.82,26.52,32.97,1,0,0,27.54,31.59,5,-0.55,-0.34,-0.46,24.6,19.43,30.22,-2.395097856961849,1.475,26.075000000000003,1.679,26.279,1.628,26.228,1.731,26.331000000000003
43.7072,-8.0332,96.3,1,-88.5,-1.35,0,22.06,25.71,30.53,0,0,0,26.82,30.66,6,-0.78,-1.66,-1.72,24.45,19.93,30.4,-2.3940806194377844,1.378,25.828,1.532,25.982,1.553,26.003,1.88,26.33
43.1674,-9.1687,63.4,1,-9.6,-0.26,0,22.62,25.49,30.47,0,0,0,27.4,30.71,3,-0.2,-0.26,-0.49,24.68,19.78,30.19,-2.3814459632623715,1.448,26.128,1.64,26.32,1.572,26.252,1.665,26.345
42.9593,-9.222,160.4,1,56.2,-0.1,0,23.74,27.19,33.41,4,0,0,28.42,32.78,7,-0.47,-0.45,-0.42,24.71,19.67,30.18,-2.3760576694057685,1.703,26.413,1.953,26.663,1.928,26.638,2.069,26.779
43.0402,-9.2253,186.4,1,51.4,-0.15,0,23.06,26.64,32.73,1,0,0,27.78,31.9,5,-0.48,-0.44,-0.43,24.72,19.66,30.17,-2.375695351289828,1.605,26.325,1.837,26.557,1.815,26.535,1.942,26.662
43.0487,-9.2502,118.1,1,-21.5,-0.35,0,22.87,26.14,32.0,1,0,0,27.69,31.47,6,-0.22,-0.44,-0.42,24.72,19.92,30.18,-2.3735446815354377,1.605,26.325,1.837,26.557,1.815,26.535,1.942,26.662
43.0228,-9.2,134.4,1,5.6,-0.28,0,23.87,27.42,33.52,2,0,0,28.65,32.61,8,-0.33,-0.39,-0.41,24.72,19.78,30.21,-2.367092672272265,1.657,26.377,1.905,26.625,1.898,26.618,2.045,26.765
42.9876,-9.1617,294.0,1,90.8,-0.51,0,23.34,27.08,33.34,4,0,0,27.71,32.01,7,-1.1,-1.08,-1.29,24.84,19.34,30.07,-2.3670461943897605,1.756,26.596,2.018,26.858,2.015,26.855,2.181,27.021
43.0764,-9.2144,88.6,1,-19.8,-0.54,0,22.95,26.41,32.99,1,0,0,27.74,31.87,5,-0.42,-0.43,-0.17,24.51,19.56,30.51,-2.3553453249174967,1.475,25.985000000000003,1.679,26.189,1.628,26.138,1.731,26.241000000000003
43.0302,-9.2741,91.8,1,-10.3,-0.7,0,22.69,26.24,31.34,0,0,0,27.64,31.81,5,-0.64,-0.44,-0.33,24.72,19.5,30.27,-2.35418865374592,1.605,26.325,1.837,26.557,1.815,26.535,1.942,26.662
43.1597,-9.1068,127.5,1,23.2,-0.44,0,22.67,26.48,31.13,0,0,0,27.44,31.24,4,-0.6,-0.23,-0.74,24.83,19.46,30.17,-2.348052484716184,1.489,26.319,1.671,26.500999999999998,1.611,26.441,1.712,26.541999999999998
43.0577,-9.2506,73.2,1,-59.5,-0.49,0,22.82,26.04,31.71,0,0,0,27.71,31.46,6,-0.11,-0.34,-0.2,24.6,19.87,30.48,-2.339180443347688,1.384,25.984,1.583,26.183,1.522,26.122,1.591,26.191000000000003
43.5599,-8.3155,3.8,1,-18.9,-0.99,0,22.31,25.29,30.11,0,0,0,27.29,30.68,1,-0.88,-1.33,-1.58,24.49,19.67,30.64,-2.33241259385108,1.507,25.997,1.771,26.261,1.703,26.192999999999998,1.973,26.462999999999997
43.3449,-8.8294,0.1,1,-26.2,-0.57,0,21.86,24.75,29.17,0,0,0,26.85,30.08,0,-0.4,-0.49,-0.59,24.62,19.81,30.51,-2.327702458343853,1.422,26.042,1.651,26.271,1.569,26.189,1.671,26.291
43.0497,-9.201,146.4,1,10.1,-0.24,0,23.35,26.89,33.41,3,0,0,28.03,32.12,6,-0.31,-0.35,-0.31,24.81,19.83,30.29,-2.327270423404157,1.605,26.415,1.837,26.647,1.815,26.625,1.942,26.752
43.3269,-8.8288,18.1,1,-30.7,-0.57,0,22.21,24.99,29.74,0,0,0,27.13,30.56,3,-0.37,-0.75,-0.48,24.45,19.88,30.74,-2.320957847788497,1.422,25.872,1.651,26.101,1.569,26.019,1.671,26.121
42.9591,-9.2343,158.9,1,62.1,0.05,0,23.74,27.24,33.04,3,0,0,28.43,32.87,7,-0.35,-0.31,-0.29,24.85,19.79,30.31,-2.3129171324140505,1.703,26.553,1.953,26.803,1.928,26.778000000000002,2.069,26.919
43.2714,-8.9134,138.8,1,52.4,-0.38,0,22.6,25.99,32.29,1,0,0,27.35,31.15,4,-0.72,-0.76,-0.9,24.64,19.53,30.58,-2.3076217943224555,1.485,26.125,1.719,26.359,1.641,26.281,1.743,26.383
43.0225,-9.2122,138.1,1,17.4,-0.0,0,23.97,27.42,33.57,3,0,0,28.76,32.54,8,-0.12,-0.23,-0.35,24.93,20.02,30.25,-2.305717247977745,1.605,26.535,1.837,26.767,1.815,26.745,1.942,26.872
43.0669,-9.2387,183.4,1,59.9,0.1,0,22.76,26.2,33.09,1,0,0,27.45,31.66,5,-0.29,-0.31,-0.06,24.63,19.69,30.62,-2.3015321031752234,1.475,26.105,1.679,26.308999999999997,1.628,26.258,1.731,26.361
43.2894,-8.914,75.0,1,-12.5,-0.25,0,22.77,25.63,30.69,0,0,0,27.64,31.06,4,-0.17,-0.56,-0.45,24.58,20.03,30.68,-2.3011930240005354,1.485,26.064999999999998,1.719,26.299,1.641,26.220999999999997,1.743,26.322999999999997
43.041,-9.1884,136.8,1,3.1,-0.24,0,23.7,27.19,33.73,3,0,0,28.4,32.41,9,-0.26,-0.42,-0.41,24.82,19.88,30.4,-2.301100068235528,1.657,26.477,1.905,26.725,1.898,26.718,2.045,26.865000000000002
42.986,-9.2354,112.6,1,12.2,0.1,0,24.13,27.2,32.91,4,0,0,28.97,32.78,10,0.02,-0.31,-0.21,24.85,20.16,30.39,-2.2957117743789235,1.703,26.553,1.953,26.803,1.928,26.778000000000002,2.069,26.919
43.0304,-9.2618,140.6,1,28.4,-0.32,0,22.89,26.58,32.28,1,0,0,27.73,31.92,5,-0.51,-0.22,-0.3,24.94,19.63,30.3,-2.292450911335459,1.605,26.545,1.837,26.777,1.815,26.755000000000003,1.942,26.882
42.9879,-9.1494,296.4,1,63.8,-0.64,0,23.4,27.12,33.35,4,0,0,27.76,32.06,8,-1.05,-1.15,-1.23,24.95,19.45,30.31,-2.2877872537107384,1.812,26.762,2.079,27.029,2.1,27.05,2.312,27.262
43.032,-9.188,118.7,1,-14.8,-0.39,0,23.84,27.45,34.0,2,0,0,28.57,32.56,7,-0.3,-0.34,-0.45,24.93,19.86,30.35,-2.284210550433837,1.657,26.587,1.905,26.835,1.898,26.828,2.045,26.975
42.9868,-9.1985,114.2,1,-33.0,-0.44,0,24.17,27.57,33.69,4,0,0,28.89,33.19,9,-0.23,-0.37,-0.08,24.79,19.91,30.52,-2.282830994793832,1.756,26.546,2.018,26.808,2.015,26.805,2.181,26.971
42.9873,-9.1739,257.7,1,75.8,-0.06,0,23.88,27.16,33.46,5,0,0,28.39,32.59,8,-0.55,-0.92,-0.69,24.82,19.82,30.49,-2.28174404044601,1.756,26.576,2.018,26.838,2.015,26.835,2.181,27.001
43.1676,-9.1564,103.3,1,23.5,0.05,0,22.75,25.63,31.28,0,0,0,27.5,31.29,5,-0.11,-0.27,0.0,24.67,19.87,30.68,-2.2785761331675536,1.448,26.118000000000002,1.64,26.310000000000002,1.572,26.242,1.665,26.335
42.9596,-9.2097,98.1,1,-19.0,-0.38,0,24.09,27.71,33.84,5,0,0,28.76,32.98,9,-0.27,-0.12,-0.35,25.04,19.87,30.25,-2.2780743814041013,1.703,26.743,1.953,26.993,1.928,26.968,2.069,27.108999999999998
42.9786,-9.1613,270.3,1,60.2,-0.64,0,23.46,27.06,33.46,4,0,0,27.84,32.26,6,-1.03,-1.14,-1.08,24.91,19.47,30.43,-2.2720311681393737,1.756,26.666,2.018,26.928,2.015,26.925,2.181,27.091
43.1692,-9.0825,167.5,1,56.0,0.01,0,23.01,26.42,32.04,1,0,0,27.73,31.77,5,-0.36,-0.56,-0.46,24.7,19.74,30.76,-2.253831811521433,1.522,26.221999999999998,1.718,26.418,1.672,26.372,1.78,26.48
42.9688,-9.1978,103.3,1,-37.6,-0.3,0,24.46,28.04,34.27,4,0,0,29.13,33.14,9,-0.06,-0.01,-0.34,25.15,20.08,30.26,-2.2482808450760667,1.756,26.906,2.018,27.168,2.015,27.165,2.181,27.331
43.0217,-9.2491,125.2,1,16.3,-0.09,0,23.45,27.03,33.5,2,0,0,28.26,32.18,7,-0.2,-0.05,-0.29,25.11,19.94,30.31,-2.247579447785438,1.605,26.715,1.837,26.947,1.815,26.925,1.942,27.052
43.5512,-8.2905,7.9,1,-64.2,-1.01,0,22.92,26.26,30.0,0,0,0,27.94,31.55,3,-0.6,-1.02,-1.37,24.76,19.92,30.73,-2.245205893562618,1.501,26.261000000000003,1.765,26.525000000000002,1.701,26.461000000000002,1.977,26.737000000000002
43.1689,-9.0948,121.2,1,9.8,-0.17,0,22.97,26.53,32.44,1,0,0,27.72,31.78,6,-0.24,-0.23,-0.19,24.8,19.83,30.69,-2.243756621098856,1.522,26.322,1.718,26.518,1.672,26.472,1.78,26.580000000000002
43.3139,-8.5317,46.2,1,-11.2,-1.45,0,22.75,26.09,29.77,0,0,0,27.61,31.2,2,-1.38,-1.94,-1.69,24.6,19.36,30.94,-2.240249634645711,1.478,26.078000000000003,1.731,26.331000000000003,1.71,26.310000000000002,1.845,26.445
42.931,-9.2823,38.4,1,-20.3,-0.48,0,23.23,26.89,32.51,1,0,0,28.17,32.89,9,-0.36,-0.28,0.03,24.88,19.78,30.63,-2.236556736662552,1.512,26.392,1.706,26.586,1.656,26.535999999999998,1.768,26.648
43.1784,-9.0705,99.4,1,-16.3,-0.43,0,23.08,26.51,31.23,0,0,0,27.87,32.04,6,-0.33,-0.54,-0.33,24.69,19.78,30.86,-2.2348381018478567,1.522,26.212,1.718,26.408,1.672,26.362000000000002,1.78,26.470000000000002
43.0394,-9.2622,110.5,1,-16.6,-0.31,0,22.94,26.31,32.27,1,0,0,27.85,31.93,6,-0.21,-0.23,-0.02,24.93,19.93,30.58,-2.234745146082849,1.605,26.535,1.837,26.767,1.815,26.745,1.942,26.872
43.2991,-8.8773,62.8,1,-6.6,-0.44,0,22.54,25.8,31.82,0,0,0,27.31,30.93,4,-0.4,-0.32,-0.54,24.88,19.84,30.64,-2.2344060669081607,1.482,26.362,1.718,26.598,1.642,26.522,1.741,26.621
43.0397,-9.2499,142.2,1,11.6,-0.04,0,23.08,26.49,32.56,1,0,0,27.91,31.89,5,-0.12,-0.15,-0.1,25.01,20.02,30.5,-2.231846601155325,1.605,26.615000000000002,1.837,26.847,1.815,26.825000000000003,1.942,26.952
43.2795,-8.9631,89.1,1,0.4,-0.4,0,21.99,25.04,29.98,0,0,0,26.83,30.61,3,-0.41,-0.38,-0.27,24.73,19.8,30.83,-2.2312381596297044,1.485,26.215,1.719,26.449,1.641,26.371000000000002,1.743,26.473
43.1504,-9.1187,89.2,1,-6.9,-0.2,0,23.29,26.55,31.73,0,0,0,28.11,31.91,6,-0.17,-0.29,-0.2,24.8,19.89,30.75,-2.2308526025725115,1.489,26.289,1.671,26.471,1.611,26.411,1.712,26.512
42.4614,-8.9339,9.7,1,-16.8,-3.94,0,20.24,23.12,29.48,0,0,0,24.84,28.37,0,-3.83,-4.55,-4.38,25.32,19.23,30.15,-2.2292174185787346,1.906,27.226,2.191,27.511,2.261,27.581,2.552,27.872
43.2927,-8.7288,34.2,1,-111.9,-1.0,0,22.05,25.22,30.25,0,0,0,27.0,30.69,2,-0.28,-1.14,-0.74,24.62,20.16,30.97,-2.228771649641877,1.544,26.164,1.797,26.417,1.754,26.374000000000002,1.904,26.524
41.9407,-8.8794,168.2,1,4.3,-2.15,0,24.07,28.35,33.91,7,0,0,28.28,32.8,7,-2.18,-2.61,-2.04,24.84,19.61,30.72,-2.22725266035436,2.251,27.091,2.585,27.425,2.814,27.654,3.269,28.109
42.9773,-9.2227,194.5,1,86.2,0.33,0,24.15,27.77,33.63,4,0,0,28.74,33.17,10,-0.23,-0.08,-0.15,25.08,19.91,30.45,-2.2250090348349607,1.703,26.782999999999998,1.953,27.032999999999998,1.928,27.008,2.069,27.148999999999997
43.1781,-9.0828,81.1,1,-31.3,-0.3,0,23.1,26.67,31.6,0,0,0,27.94,31.9,5,-0.1,-0.13,-0.16,24.88,19.97,30.69,-2.2236527181362065,1.522,26.401999999999997,1.718,26.598,1.672,26.552,1.78,26.66
43.049,-9.2379,202.8,1,63.6,0.44,0,23.24,26.72,33.68,2,0,0,27.79,31.8,6,0.02,-0.03,-0.2,25.13,20.16,30.4,-2.223197444255259,1.605,26.735,1.837,26.967,1.815,26.945,1.942,27.072
43.6981,-8.0455,175.4,1,35.5,-1.06,0,21.97,26.58,32.98,3,0,0,26.6,31.42,8,-1.3,-1.21,-1.45,24.9,19.41,30.67,-2.2229280819043256,1.394,26.293999999999997,1.545,26.445,1.578,26.477999999999998,1.901,26.801
41.9497,-8.8797,239.5,1,30.9,-1.97,0,23.86,27.96,33.41,3,0,0,28.23,32.68,6,-2.18,-2.72,-1.89,24.73,19.61,30.87,-2.2226354806121407,2.251,26.981,2.585,27.315,2.814,27.544,3.269,27.999000000000002
43.031,-9.2372,141.6,1,20.6,0.09,0,23.51,26.91,32.94,2,0,0,28.32,32.28,7,-0.05,-0.12,-0.09,25.04,20.09,30.51,-2.2221569677899407,1.605,26.645,1.837,26.877,1.815,26.855,1.942,26.982
41.7339,-8.8724,22.6,1,-155.0,-2.57,0,23.17,26.48,33.29,1,0,0,27.73,31.05,3,-1.58,-2.65,-1.96,24.8,20.21,30.8,-2.2200992538005577,2.251,27.051000000000002,2.585,27.385,2.814,27.614,3.269,28.069000000000003
43.105,-9.1416,134.1,1,28.5,-0.28,0,23.41,26.62,34.02,1,0,0,28.18,32.06,7,-0.47,-0.72,-0.54,24.8,19.67,30.8,-2.2200992538005577,1.534,26.334,1.742,26.542,1.708,26.508,1.819,26.619
42.9863,-9.2231,157.3,1,48.9,0.39,0,24.4,27.86,33.97,5,0,0,29.04,32.93,12,0.06,0.07,-0.3,25.23,20.2,30.3,-2.2195742630958533,1.703,26.933,1.953,27.183,1.928,27.158,2.069,27.299
43.0307,-9.2495,136.6,1,19.4,-0.06,0,23.28,26.87,32.89,2,0,0,28.1,32.1,6,-0.19,-0.03,-0.17,25.13,19.95,30.43,-2.2167454349920863,1.605,26.735,1.837,26.967,1.815,26.945,1.942,27.072
43.05,-9.1887,130.9,1,-1.2,-0.14,0,23.7,27.24,33.85,3,0,0,28.43,32.43,7,-0.14,-0.21,-0.23,25.01,19.99,30.58,-2.214641243120199,1.657,26.667,1.905,26.915000000000003,1.898,26.908,2.045,27.055
43.2921,-8.7658,86.9,1,-47.6,-0.78,0,22.02,25.71,32.14,1,0,0,26.88,30.67,3,-0.47,-0.74,-0.91,24.91,19.93,30.7,-2.213963084770822,1.526,26.436,1.774,26.684,1.72,26.63,1.856,26.766000000000002
43.0212,-9.2737,62.9,1,-32.9,-0.49,0,23.17,26.57,32.46,1,0,0,28.19,32.4,7,-0.29,-0.24,0.1,24.92,19.85,30.7,-2.2114500969004904,1.605,26.525000000000002,1.837,26.757,1.815,26.735000000000003,1.942,26.862000000000002
43.1604,-9.0698,176.6,1,53.4,-0.35,0,22.92,26.55,31.9,0,0,0,27.62,31.53,7,-0.7,-0.77,-1.05,24.9,19.47,30.73,-2.210024063377981,1.522,26.421999999999997,1.718,26.618,1.672,26.572,1.78,26.68
43.2804,-8.9137,128.4,1,39.6,-0.31,0,22.54,25.82,31.12,0,0,0,27.31,31.4,4,-0.57,-0.63,-0.34,24.67,19.66,31.01,-2.2076040312726564,1.485,26.155,1.719,26.389000000000003,1.641,26.311,1.743,26.413
43.5511,-8.3029,8.9,1,-44.8,-0.85,0,22.89,26.34,30.43,0,0,0,27.82,31.36,3,-0.57,-0.74,-1.44,25.0,19.94,30.63,-2.2064008822185763,1.507,26.507,1.771,26.771,1.703,26.703,1.973,26.973
43.04,-9.2376,182.2,1,49.6,0.16,0,23.17,26.74,32.41,2,0,0,27.9,32.07,5,-0.17,-0.07,-0.05,25.09,19.97,30.55,-2.200989349420721,1.605,26.695,1.837,26.927,1.815,26.905,1.942,27.032
43.3081,-8.8776,55.4,1,-10.7,-0.18,0,22.72,25.94,31.1,0,0,0,27.41,30.71,3,-0.11,-0.04,-0.59,25.1,20.11,30.55,-2.198476361550389,1.437,26.537000000000003,1.67,26.770000000000003,1.582,26.682000000000002,1.672,26.772000000000002
43.1599,-9.0944,125.3,1,15.3,-0.31,0,22.93,26.48,31.33,0,0,0,27.72,31.66,5,-0.42,-0.39,-0.47,24.9,19.68,30.79,-2.1971200448516366,1.522,26.421999999999997,1.718,26.618,1.672,26.572,1.78,26.68
43.3092,-8.8159,75.8,1,0.8,-0.38,0,22.23,25.47,29.51,0,0,0,27.18,30.75,2,-0.39,-0.44,-0.5,24.89,19.91,30.81,-2.195331693213186,1.422,26.312,1.651,26.541,1.569,26.459,1.671,26.561
43.2806,-8.9014,81.6,1,-5.1,-0.35,0,22.83,25.96,32.53,1,0,0,27.61,31.44,6,-0.33,-0.59,-0.39,24.74,19.92,30.99,-2.194314455689121,1.485,26.224999999999998,1.719,26.459,1.641,26.381,1.743,26.482999999999997
43.1489,-9.1927,48.6,1,10.0,0.1,0,22.42,25.04,30.89,0,0,0,27.35,30.54,3,0.03,0.07,0.0,25.01,20.01,30.68,-2.1931345455762905,1.48,26.490000000000002,1.671,26.681,1.628,26.638,1.728,26.738000000000003
41.9317,-8.8791,166.6,1,48.2,-2.17,0,23.87,28.78,34.69,6,0,0,28.01,32.82,10,-2.49,-2.34,-2.19,25.11,19.3,30.57,-2.1916620341712774,2.251,27.361,2.585,27.695,2.814,27.924,3.269,28.378999999999998
42.9681,-9.2347,168.1,1,65.0,0.39,0,24.19,27.63,33.67,4,0,0,28.84,33.31,12,-0.04,-0.1,0.03,25.06,20.1,30.63,-2.1913229549965894,1.703,26.762999999999998,1.953,27.012999999999998,1.928,26.988,2.069,27.128999999999998
42.977,-9.235,138.1,1,35.4,0.39,0,24.38,27.67,33.72,5,0,0,29.09,33.17,14,0.16,-0.03,-0.04,25.13,20.3,30.56,-2.188786728185006,1.703,26.833,1.953,27.083,1.928,27.058,2.069,27.198999999999998
43.2919,-8.7782,111.0,1,-14.2,-0.58,0,22.1,25.72,32.39,1,0,0,26.94,30.86,5,-0.49,-0.69,-0.74,24.92,19.89,30.84,-2.181340720339019,1.526,26.446,1.774,26.694000000000003,1.72,26.64,1.856,26.776000000000003
43.1694,-9.0701,179.8,1,62.3,-0.24,0,22.88,26.42,31.81,0,0,0,27.48,32.01,6,-0.64,-0.77,-0.47,24.72,19.5,31.09,-2.1778337338858758,1.522,26.241999999999997,1.718,26.438,1.672,26.392,1.78,26.5
43.3179,-8.8285,52.3,1,-6.2,-0.33,0,22.34,25.35,29.72,0,0,0,27.29,30.98,1,-0.3,-0.48,-0.2,24.77,19.96,31.05,-2.173871473551782,1.422,26.192,1.651,26.421,1.569,26.339,1.671,26.441
43.0223,-9.2245,113.3,1,-4.0,0.02,0,24.01,27.51,33.67,3,0,0,28.83,32.79,9,0.04,0.01,-0.01,25.17,20.18,30.59,-2.172282767440508,1.605,26.775000000000002,1.837,27.007,1.815,26.985000000000003,1.942,27.112000000000002
43.0852,-9.2271,63.4,1,-33.9,-0.2,0,23.25,26.84,32.65,1,0,0,28.1,31.87,9,0.01,0.17,-0.01,25.11,19.99,30.67,-2.170155336627369,1.475,26.585,1.679,26.788999999999998,1.628,26.738,1.731,26.841
42.995,-9.2357,80.2,1,-20.6,0.03,0,24.23,27.56,33.2,4,0,0,29.14,32.87,10,0.16,0.09,-0.05,25.25,20.3,30.55,-2.160781543495421,1.703,26.953,1.953,27.203,1.928,27.178,2.069,27.319
43.0408,-9.2007,161.8,1,26.6,0.18,0,23.82,27.57,34.14,3,0,0,28.44,32.5,7,0.0,0.15,-0.11,25.31,20.14,30.49,-2.158607634799779,1.605,26.915,1.837,27.147,1.815,27.125,1.942,27.252
43.2792,-8.9755,74.5,1,0.1,-0.1,0,22.15,24.96,30.26,0,0,0,26.95,30.48,2,-0.11,-0.14,-0.21,24.97,20.1,30.89,-2.158022432215409,1.485,26.455,1.719,26.689,1.641,26.610999999999997,1.743,26.712999999999997
43.2622,-8.9254,169.4,1,95.0,-0.12,0,22.53,26.2,30.92,0,0,0,27.27,31.15,5,-0.74,-0.42,-0.8,25.06,19.51,30.79,-2.1569122389263367,1.485,26.544999999999998,1.719,26.779,1.641,26.701,1.743,26.802999999999997
42.9503,-9.2217,99.7,1,1.0,0.09,0,24.19,27.44,34.26,4,0,0,28.93,33.28,11,0.08,-0.08,0.18,25.08,20.22,30.78,-2.1540369329400644,1.703,26.782999999999998,1.953,27.032999999999998,1.928,27.008,2.069,27.148999999999997
42.9966,-9.162,261.2,1,68.7,0.11,0,24.09,27.64,34.59,6,0,0,28.47,32.67,8,-0.34,-0.52,-0.62,25.26,20.03,30.59,-2.1496658766075263,1.756,27.016000000000002,2.018,27.278000000000002,2.015,27.275000000000002,2.181,27.441000000000003
41.7609,-8.8733,34.8,1,-169.1,-2.49,0,23.0,26.37,33.28,1,0,0,27.51,30.65,2,-1.4,-2.38,-1.93,25.07,20.39,30.83,-2.1457965720384413,2.251,27.321,2.585,27.655,2.814,27.884,3.269,28.339
43.0135,-9.2119,109.1,1,-9.8,0.02,0,24.31,27.85,33.74,4,0,0,29.14,33.11,11,0.08,0.07,0.08,25.23,20.22,30.68,-2.137848812429003,1.605,26.835,1.837,27.067,1.815,27.045,1.942,27.172
43.2837,-8.7285,109.2,1,-47.1,-0.99,0,21.82,25.75,31.28,0,0,0,26.55,30.86,4,-0.69,-0.93,-0.84,24.95,19.78,31.01,-2.137240370903382,1.544,26.494,1.797,26.747,1.754,26.704,1.904,26.854
42.94,-9.2827,22.2,1,-42.5,-0.42,0,23.47,27.11,32.29,1,0,0,28.45,33.13,10,-0.15,-0.06,0.24,25.1,19.99,30.84,-2.1361069386730565,1.512,26.612000000000002,1.706,26.806,1.656,26.756,1.768,26.868000000000002
43.0944,-9.2151,32.1,1,-44.8,-0.15,0,23.29,26.45,32.69,1,0,0,28.21,32.06,5,0.13,0.0,0.36,24.94,20.11,31.04,-2.133301349510541,1.475,26.415000000000003,1.679,26.619,1.628,26.568,1.731,26.671000000000003
43.6983,-8.033,133.1,1,-41.2,-0.94,0,22.45,26.35,32.22,1,0,0,27.11,31.9,10,-0.68,-1.37,-0.84,24.74,20.03,31.28,-2.131945032811787,1.394,26.133999999999997,1.545,26.284999999999997,1.578,26.317999999999998,1.901,26.641
43.3127,-8.6058,93.3,1,-21.3,-0.84,0,22.15,25.7,29.85,0,0,0,26.94,30.76,1,-0.71,-1.13,-1.11,24.99,19.86,31.01,-2.1271884194220574,1.379,26.369,1.613,26.602999999999998,1.566,26.555999999999997,1.669,26.659
42.9778,-9.1982,121.4,1,-23.5,-0.07,0,24.56,28.1,34.29,6,0,0,29.14,33.49,12,0.08,0.09,0.11,25.25,20.22,30.71,-2.126370827425168,1.756,27.006,2.018,27.268,2.015,27.265,2.181,27.431
43.3032,-8.6426,62.6,1,-49.2,-0.84,0,22.48,25.57,29.64,0,0,0,27.44,30.9,2,-0.53,-1.05,-0.93,24.96,20.0,31.05,-2.126124704015488,1.379,26.339000000000002,1.613,26.573,1.566,26.526,1.669,26.629
43.0775,-9.1652,108.1,1,-10.1,-0.28,0,23.81,27.3,33.32,2,0,0,28.62,32.55,8,-0.23,-0.31,-0.31,25.15,19.95,30.83,-2.125692669075792,1.554,26.703999999999997,1.772,26.921999999999997,1.746,26.895999999999997,1.863,27.012999999999998
43.013,-9.2365,69.2,1,-36.5,-0.05,0,24.07,27.45,33.53,4,0,0,28.94,32.81,8,0.18,0.11,0.09,25.27,20.32,30.69,-2.125646191193288,1.605,26.875,1.837,27.107,1.815,27.085,1.942,27.212
43.0685,-9.1648,140.4,1,18.2,-0.17,0,23.81,27.29,33.81,2,0,0,28.58,32.68,8,-0.29,-0.42,-0.28,25.1,19.92,30.89,-2.1253535899011027,1.554,26.654,1.772,26.872,1.746,26.846,1.863,26.963
43.309,-8.8282,76.8,1,8.9,-0.2,0,22.46,25.76,29.96,0,0,0,27.43,30.98,2,-0.26,-0.22,-0.36,25.08,20.02,30.92,-2.123927556378593,1.422,26.502,1.651,26.730999999999998,1.569,26.648999999999997,1.671,26.750999999999998
43.3,-8.8279,83.4,1,9.4,-0.14,0,22.58,25.82,31.04,0,0,0,27.52,31.09,6,-0.21,-0.26,-0.38,25.08,20.09,30.93,-2.121776886624203,1.512,26.592,1.756,26.836,1.689,26.769,1.811,26.891
43.2797,-8.9508,85.2,1,-4.0,-0.21,0,22.34,25.45,30.71,0,0,0,27.21,31.09,4,-0.19,-0.19,0.03,24.92,20.02,31.13,-2.1189712974616866,1.485,26.405,1.719,26.639000000000003,1.641,26.561,1.743,26.663
43.0767,-9.2021,62.8,1,-49.2,-0.14,0,23.68,27.31,33.67,2,0,0,28.51,32.29,7,0.18,0.31,0.07,25.25,20.16,30.75,-2.117768148407605,1.475,26.725,1.679,26.929,1.628,26.878,1.731,26.981
43.0133,-9.2242,85.0,1,-25.6,0.02,0,24.31,27.7,34.1,3,0,0,29.21,33.19,11,0.18,0.05,0.21,25.21,20.32,30.81,-2.1149160813625856,1.605,26.815,1.837,27.047,1.815,27.025000000000002,1.942,27.152
43.1065,-9.0678,305.6,1,84.6,-0.69,0,22.76,26.8,33.37,1,0,0,27.17,31.69,6,-1.24,-1.23,-1.3,25.11,19.12,30.93,-2.114237923013209,1.605,26.715,1.851,26.961,1.819,26.929,1.964,27.073999999999998
42.9678,-9.2469,124.6,1,22.1,0.31,0,24.27,27.75,33.92,4,0,0,28.98,33.32,13,0.16,0.13,0.12,25.29,20.3,30.72,-2.114168206189453,1.703,26.993,1.953,27.243,1.928,27.218,2.069,27.358999999999998
42.9768,-9.2473,87.9,1,-14.9,0.06,0,24.29,27.81,33.83,5,0,0,29.08,33.21,14,0.15,0.19,0.05,25.35,20.29,30.65,-2.1141449672482,1.703,27.053,1.953,27.303,1.928,27.278000000000002,2.069,27.419
43.3002,-8.8155,84.8,1,3.4,-0.21,0,22.47,25.75,30.45,0,0,0,27.39,31.04,3,-0.24,-0.29,-0.38,25.09,20.07,30.96,-2.112811889490698,1.422,26.512,1.651,26.741,1.569,26.659,1.671,26.761
43.1971,-9.0342,47.8,1,-60.9,-0.76,0,23.17,26.67,30.92,0,0,0,28.14,32.39,5,-0.38,-0.51,-0.26,24.89,19.77,31.2,-2.111455572791945,1.553,26.443,1.78,26.67,1.732,26.622,1.853,26.743000000000002
41.9319,-8.867,129.0,1,21.6,-1.93,0,24.75,29.2,33.94,6,0,0,28.77,33.59,10,-2.08,-2.35,-1.8,25.1,19.71,30.96,-2.110298901620367,2.251,27.351000000000003,2.585,27.685000000000002,2.814,27.914,3.269,28.369
43.5609,-8.2411,138.8,1,66.4,-0.64,0,23.09,27.32,32.32,1,0,0,27.88,32.81,9,-1.07,-1.1,-1.03,24.85,19.52,31.27,-2.106452835992534,1.404,26.254,1.651,26.501,1.575,26.425,1.865,26.715
43.2916,-8.7905,110.5,1,-0.1,-0.38,0,22.3,25.79,30.8,0,0,0,27.23,31.12,4,-0.38,-0.55,-0.49,25.03,19.99,31.06,-2.1063831191687785,1.526,26.556,1.774,26.804000000000002,1.72,26.75,1.856,26.886000000000003
43.2997,-8.8402,77.3,1,7.9,-0.04,0,22.76,25.9,31.53,0,0,0,27.71,31.23,7,-0.1,-0.22,-0.29,25.09,20.18,30.99,-2.1063598802275267,1.512,26.602,1.756,26.846,1.689,26.779,1.811,26.901
43.0595,-9.1645,151.5,1,21.6,-0.06,0,23.94,27.44,34.06,3,0,0,28.72,32.68,10,-0.21,-0.33,-0.34,25.23,20.03,30.83,-2.1055887661131414,1.554,26.784,1.772,27.002,1.746,26.976,1.863,27.093
43.1486,-9.205,45.2,1,16.3,0.23,0,22.05,24.55,29.46,0,0,0,27.08,30.18,3,0.11,0.22,0.26,25.16,20.09,30.94,-2.099522313907161,1.385,26.545,1.586,26.746,1.516,26.676000000000002,1.59,26.75
43.3182,-8.8162,44.6,1,-19.1,-0.51,0,22.15,25.42,29.3,0,0,0,27.13,31.02,1,-0.39,-0.35,-0.08,24.94,19.89,31.21,-2.096739963685897,1.422,26.362000000000002,1.651,26.591,1.569,26.509,1.671,26.611
42.9585,-9.2589,115.2,1,23.5,0.1,0,23.8,27.3,33.4,2,0,0,28.66,33.35,12,-0.05,-0.0,0.36,25.16,20.09,30.96,-2.09522097439838,1.538,26.698,1.744,26.904,1.679,26.839,1.794,26.954
43.3506,-8.4833,36.7,1,-27.9,-1.2,0,23.25,26.96,31.07,0,0,0,28.02,31.64,5,-1.03,-1.44,-1.52,25.05,19.7,31.1,-2.092754464410552,1.639,26.689,1.939,26.989,1.944,26.994,2.129,27.179000000000002
43.3006,-8.7908,59.5,1,-39.7,-0.55,0,22.25,25.64,29.77,0,0,0,27.18,31.07,2,-0.29,-0.43,-0.28,25.03,20.05,31.13,-2.091328430888043,1.42,26.450000000000003,1.647,26.677,1.569,26.599,1.67,26.700000000000003
43.0141,-9.1873,85.1,1,-58.6,-0.34,0,24.36,27.92,34.11,4,0,0,29.14,33.25,14,0.03,-0.06,0.07,25.26,20.22,30.87,-2.089447123484584,1.657,26.917,1.905,27.165000000000003,1.898,27.158,2.045,27.305
43.0413,-9.1761,114.5,1,-18.7,-0.12,0,24.13,27.63,33.96,4,0,0,28.84,32.92,12,-0.01,-0.16,-0.1,25.27,20.2,30.89,-2.082632796105472,1.657,26.927,1.905,27.175,1.898,27.168,2.045,27.314999999999998
41.7971,-8.8624,41.7,1,-99.8,-2.16,0,23.23,27.04,33.67,3,0,0,27.67,31.12,3,-1.52,-2.12,-1.93,25.33,20.27,30.83,-2.0804588874098293,2.251,27.581,2.585,27.915,2.814,28.144,3.269,28.598999999999997
41.8328,-8.8757,55.1,1,-57.6,-2.05,0,22.75,26.67,34.67,5,0,0,27.09,30.99,5,-1.68,-2.15,-1.89,25.3,20.11,30.87,-2.079395172003258,2.251,27.551000000000002,2.585,27.885,2.814,28.114,3.269,28.569000000000003
43.0862,-9.1779,85.7,1,-14.3,-0.14,0,23.79,27.29,33.21,3,0,0,28.63,32.62,8,-0.06,-0.08,0.02,25.19,20.04,31.0,-2.0790793317698224,1.554,26.744,1.772,26.962,1.746,26.936,1.863,27.053
43.3094,-8.8035,36.7,1,-42.6,-0.58,0,22.21,25.56,29.33,0,0,0,27.17,30.98,1,-0.31,-0.31,-0.19,25.06,20.0,31.16,-2.077337458013877,1.422,26.482,1.651,26.711,1.569,26.628999999999998,1.671,26.730999999999998
42.9408,-9.2458,71.1,1,-9.5,0.18,0,24.15,27.66,34.25,5,0,0,28.75,33.35,12,0.23,0.21,0.21,25.37,20.37,30.81,-2.074708275437285,1.659,27.029,1.907,27.277,1.854,27.224,2.0,27.37
42.9956,-9.2112,101.5,1,-23.3,0.1,0,24.66,28.3,34.42,6,0,0,29.33,33.31,14,0.24,0.36,0.04,25.52,20.38,30.64,-2.07357484320696,1.703,27.223,1.953,27.473,1.928,27.448,2.069,27.589
43.1774,-9.1198,109.6,1,3.7,-0.79,0,22.06,25.47,32.22,1,0,0,26.73,30.56,5,-0.82,-0.76,-0.93,25.27,19.46,30.94,-2.0718794473335174,1.489,26.759,1.671,26.941,1.611,26.881,1.712,26.982
42.9969,-9.1497,271.2,1,53.2,-0.1,0,24.01,27.85,34.87,6,0,0,28.34,32.58,7,-0.45,-0.44,-0.74,25.52,19.99,30.65,-2.0714241734525696,1.812,27.332,2.079,27.599,2.1,27.62,2.312,27.832
43.0048,-9.1992,78.0,1,-58.8,-0.19,0,24.55,27.97,34.11,4,0,0,29.36,33.63,12,0.19,0.02,0.44,25.18,20.33,31.05,-2.0708389708682,1.657,26.837,1.905,27.085,1.898,27.078,2.045,27.225
42.9588,-9.2466,142.1,1,46.7,0.48,0,24.11,27.59,33.86,4,0,0,28.78,33.29,11,0.18,0.2,0.24,25.36,20.32,30.84,-2.0707692540444445,1.703,27.063,1.953,27.313,1.928,27.288,2.069,27.429
43.1771,-9.1321,149.4,1,54.5,-0.51,0,21.96,25.43,31.51,0,0,0,26.62,30.31,5,-0.87,-0.64,-1.06,25.39,19.41,30.81,-2.069682299696623,1.489,26.879,1.671,27.061,1.611,27.001,1.712,27.102
43.7736,-7.6735,11.7,1,-30.1,-2.1,0,19.62,21.59,26.18,0,0,0,24.94,27.89,0,-1.91,-2.37,-1.98,24.8,19.53,31.5,-2.069552370993202,1.375,26.175,1.591,26.391000000000002,1.496,26.296,1.894,26.694
43.253,-8.9375,174.8,1,108.4,0.37,0,22.81,25.96,31.04,0,0,0,27.59,31.35,5,-0.34,-0.49,-0.48,25.06,19.9,31.21,-2.066584109241923,1.485,26.544999999999998,1.719,26.779,1.641,26.701,1.743,26.802999999999997
43.1412,-9.1307,42.0,1,-43.8,-0.21,0,23.69,27.03,32.35,1,0,0,28.57,32.31,7,0.06,0.1,0.06,25.22,20.11,31.04,-2.0629376891412665,1.534,26.753999999999998,1.742,26.962,1.708,26.927999999999997,1.819,27.038999999999998
43.2829,-8.7779,131.0,1,-2.4,-0.37,0,22.4,26.17,32.68,2,0,0,27.26,31.26,6,-0.36,-0.56,-0.62,25.17,20.05,31.1,-2.0625986099665767,1.526,26.696,1.774,26.944000000000003,1.72,26.89,1.856,27.026000000000003
42.9789,-9.149,255.6,1,12.4,-0.63,0,23.75,27.47,33.75,4,0,0,28.15,32.44,7,-0.72,-0.82,-0.86,25.41,19.85,30.82,-2.062505654201569,1.812,27.222,2.079,27.489,2.1,27.51,2.312,27.722
43.36,-8.4588,32.4,1,-17.6,-1.19,0,23.6,27.36,33.75,1,0,0,28.43,32.33,8,-1.09,-1.61,-1.34,24.94,19.67,31.37,-2.0623292476156445,1.639,26.579,1.939,26.879,1.944,26.884,2.129,27.069000000000003
43.0772,-9.1775,112.8,1,5.8,-0.01,0,23.81,27.44,33.3,2,0,0,28.64,32.52,7,-0.05,0.03,-0.12,25.36,20.09,30.88,-2.062166575026881,1.554,26.913999999999998,1.772,27.131999999999998,1.746,27.105999999999998,1.863,27.223
43.57,-8.2289,92.0,1,27.4,-0.65,0,23.31,27.38,32.06,1,0,0,28.24,32.83,12,-0.83,-1.0,-0.95,24.95,19.77,31.38,-2.0576655899909237,1.404,26.354,1.651,26.601,1.575,26.525,1.865,26.814999999999998
43.2831,-8.7655,132.6,1,-9.0,-0.43,0,22.28,26.28,32.42,2,0,0,27.08,31.1,5,-0.37,-0.48,-0.76,25.29,20.05,30.99,-2.0561001228209017,1.526,26.816,1.774,27.064,1.72,27.009999999999998,1.856,27.146
43.1584,-9.1684,39.7,1,-24.9,0.32,0,23.25,25.96,31.78,0,0,0,28.02,31.48,6,0.48,0.31,0.36,25.25,20.46,31.04,-2.0553987255302726,1.448,26.698,1.64,26.89,1.572,26.822,1.665,26.915
43.2156,-9.0102,18.1,1,-92.7,-0.77,0,23.2,26.54,31.71,0,0,0,28.2,32.44,5,-0.18,-0.4,0.01,24.95,19.98,31.4,-2.053364250482142,1.443,26.393,1.659,26.608999999999998,1.564,26.514,1.657,26.607
43.2936,-8.6794,3.4,1,-93.8,-0.92,0,22.48,25.31,29.8,0,0,0,27.45,31.0,3,-0.32,-0.98,-0.53,24.97,20.19,31.38,-2.0526396142502605,1.568,26.538,1.82,26.79,1.807,26.776999999999997,1.957,26.927
43.2908,-8.8399,87.1,1,10.0,-0.07,0,22.84,25.98,32.67,1,0,0,27.77,31.54,6,-0.14,-0.33,-0.18,25.1,20.17,31.24,-2.0500801484974254,1.512,26.612000000000002,1.756,26.856,1.689,26.789,1.811,26.911
43.0688,-9.1525,128.2,1,-11.0,-0.31,0,23.91,27.56,33.91,2,0,0,28.64,32.63,10,-0.25,-0.24,-0.44,25.42,20.0,30.87,-2.049239317559284,1.554,26.974,1.772,27.192,1.746,27.166,1.863,27.283
42.9599,-9.1974,71.9,1,-63.2,-0.08,0,24.79,28.25,34.51,5,0,0,29.51,33.73,14,0.32,0.26,0.28,25.42,20.46,30.88,-2.0470886478048933,1.756,27.176000000000002,2.018,27.438000000000002,2.015,27.435000000000002,2.181,27.601000000000003
43.0593,-9.1768,127.5,1,5.4,0.08,0,24.02,27.52,34.19,3,0,0,28.79,32.8,9,0.04,-0.05,0.0,25.33,20.21,30.99,-2.0460481713395766,1.554,26.883999999999997,1.772,27.101999999999997,1.746,27.075999999999997,1.863,27.192999999999998
43.0598,-9.1522,156.0,1,10.5,-0.21,0,23.93,27.4,33.91,3,0,0,28.65,32.91,10,-0.28,-0.47,-0.24,25.25,20.01,31.09,-2.0446453767583184,1.554,26.804,1.772,27.022,1.746,26.996,1.863,27.113
43.2923,-8.7535,62.1,1,-78.1,-0.42,0,22.51,25.93,31.16,0,0,0,27.36,31.13,3,0.08,-0.54,-0.43,25.15,20.49,31.21,-2.043967218408941,1.526,26.676,1.774,26.924,1.72,26.869999999999997,1.856,27.006
43.5517,-8.2533,185.6,1,105.9,-0.18,0,23.16,27.43,32.31,1,0,0,27.95,32.61,10,-0.87,-0.8,-1.11,25.16,19.72,31.2,-2.043604900293001,1.501,26.661,1.765,26.925,1.701,26.861,1.977,27.137
43.1861,-9.1325,84.0,1,-16.7,-0.72,0,21.98,25.04,30.81,0,0,0,26.77,30.38,2,-0.62,-0.81,-0.74,25.22,19.66,31.13,-2.043581661351749,1.489,26.709,1.671,26.891,1.611,26.831,1.712,26.932
43.059,-9.1891,105.6,1,-19.6,0.05,0,23.93,27.51,34.19,3,0,0,28.75,32.73,8,0.17,0.16,0.17,25.35,20.28,30.98,-2.043172865353304,1.554,26.904,1.772,27.122,1.746,27.096,1.863,27.213
43.1607,-9.0575,162.1,1,27.1,-0.46,0,23.07,26.83,32.2,1,0,0,27.75,31.96,7,-0.64,-0.62,-0.74,25.18,19.56,31.18,-2.04288026406112,1.522,26.701999999999998,1.718,26.898,1.672,26.852,1.78,26.96
43.2925,-8.7411,57.0,1,-87.0,-0.49,0,22.45,25.88,31.03,0,0,0,27.32,31.05,5,0.06,-0.57,-0.45,25.15,20.49,31.22,-2.041816548654551,1.544,26.694,1.797,26.947,1.754,26.904,1.904,27.054
43.0587,-9.2014,108.4,1,-20.9,0.17,0,23.86,27.58,34.6,4,0,0,28.49,32.54,9,0.3,0.48,0.23,25.42,20.28,30.91,-2.0406366385417205,1.475,26.895000000000003,1.679,27.099,1.628,27.048000000000002,1.731,27.151000000000003
42.9696,-9.161,219.2,1,2.1,-0.67,0,23.82,27.4,33.89,4,0,0,28.32,32.69,7,-0.69,-0.82,-0.68,25.37,19.88,30.97,-2.0402975593670325,1.756,27.126,2.018,27.388,2.015,27.385,2.181,27.551000000000002
43.2716,-8.9011,68.8,1,-18.0,-0.4,0,23.07,26.59,32.63,1,0,0,27.9,31.83,7,-0.29,-0.25,-0.32,25.19,19.98,31.19,-2.0382166064363973,1.485,26.675,1.719,26.909000000000002,1.641,26.831000000000003,1.743,26.933
43.2898,-8.8893,85.9,1,7.2,0.16,0,23.16,26.38,33.69,1,0,0,27.82,31.42,5,0.11,0.03,-0.24,25.31,20.36,31.05,-2.038170128553894,1.482,26.791999999999998,1.718,27.028,1.642,26.951999999999998,1.741,27.051
43.3508,-8.4709,38.6,1,-22.3,-1.21,0,23.47,27.33,32.69,1,0,0,28.19,32.09,7,-1.07,-1.46,-1.41,25.1,19.7,31.3,-2.03717612997108,1.639,26.739,1.939,27.039,1.944,27.044,2.129,27.229000000000003
43.6156,-8.1803,1.4,1,-37.4,-0.73,0,23.67,27.18,32.48,2,0,0,28.62,33.0,9,-0.49,-0.83,-0.67,25.05,20.1,31.37,-2.034686381042001,1.398,26.448,1.624,26.674,1.562,26.612000000000002,1.851,26.901
42.9583,-9.2711,50.8,1,-29.6,-0.13,0,23.83,27.41,33.35,1,0,0,28.83,33.36,10,0.05,0.19,0.42,25.35,20.19,31.02,-2.034570186335741,1.538,26.888,1.744,27.094,1.679,27.029,1.794,27.144000000000002
43.1769,-9.1444,146.8,1,51.5,-0.28,0,22.15,25.29,31.04,0,0,0,26.87,30.43,3,-0.62,-0.69,-0.83,25.34,19.66,31.04,-2.032781834697291,1.489,26.829,1.671,27.011,1.611,26.951,1.712,27.052
43.2826,-8.7902,118.9,1,0.0,-0.27,0,22.58,26.19,32.81,2,0,0,27.47,31.4,7,-0.28,-0.49,-0.49,25.21,20.11,31.2,-2.0310399609413445,1.526,26.736,1.774,26.984,1.72,26.93,1.856,27.066000000000003
43.5883,-8.2045,3.9,1,-29.0,-0.99,0,23.44,27.23,31.67,0,0,0,28.39,32.85,11,-0.8,-1.01,-0.94,24.98,19.82,31.48,-2.028619928836021,1.404,26.384,1.651,26.631,1.575,26.555,1.865,26.845
43.2896,-8.9017,94.4,1,10.3,0.19,0,23.13,26.47,32.52,1,0,0,27.84,31.35,6,0.12,0.17,-0.26,25.4,20.35,30.99,-2.028457256247258,1.485,26.884999999999998,1.719,27.119,1.641,27.040999999999997,1.743,27.142999999999997
43.2914,-8.8029,96.9,1,-1.1,-0.23,0,22.53,25.99,30.61,0,0,0,27.43,31.28,4,-0.23,-0.3,-0.33,25.24,20.12,31.18,-2.027802336839133,1.512,26.752,1.756,26.996,1.689,26.929,1.811,27.051
43.6435,-8.1064,58.5,1,-35.0,-0.44,0,23.97,27.63,32.2,3,0,0,28.93,33.33,17,-0.22,-1.11,-0.56,24.86,20.4,31.63,-2.0265157369641345,1.403,26.262999999999998,1.62,26.48,1.577,26.436999999999998,1.864,26.724
43.1052,-9.1293,96.3,1,-33.9,-0.56,0,23.7,27.21,33.43,1,0,0,28.49,32.57,9,-0.34,-0.41,-0.29,25.24,19.83,31.19,-2.025651667084742,1.534,26.773999999999997,1.742,26.982,1.708,26.947999999999997,1.819,27.058999999999997
43.2839,-8.7161,46.2,1,-104.9,-0.89,0,22.25,25.86,29.55,0,0,0,27.13,30.92,2,-0.22,-0.68,-0.69,25.24,20.26,31.19,-2.025651667084742,1.544,26.784,1.797,27.037,1.754,26.994,1.904,27.144
43.291,-8.8276,85.6,1,3.5,-0.14,0,22.75,26.02,32.34,1,0,0,27.68,31.51,7,-0.17,-0.28,-0.2,25.19,20.15,31.25,-2.0253125879100526,1.512,26.702,1.756,26.946,1.689,26.879,1.811,27.001
43.068,-9.1894,87.9,1,-28.6,0.18,0,24.07,27.42,33.81,3,0,0,28.89,32.78,7,0.35,0.14,0.3,25.31,20.44,31.11,-2.025266110027549,1.554,26.863999999999997,1.772,27.081999999999997,1.746,27.055999999999997,1.863,27.173
43.1062,-9.0801,350.4,1,146.5,-0.08,0,22.96,26.96,32.74,1,0,0,27.44,32.08,8,-1.03,-0.98,-0.85,25.21,19.29,31.23,-2.024587951678172,1.605,26.815,1.851,27.061,1.819,27.029,1.964,27.174
43.2737,-8.7899,119.4,1,-5.6,-0.22,0,22.83,26.32,32.56,3,0,0,27.68,31.61,9,-0.19,-0.64,-0.56,25.18,20.23,31.27,-2.023524236271603,1.526,26.706,1.774,26.954,1.72,26.9,1.856,27.036
42.9948,-9.248,39.8,1,-59.9,-0.15,0,24.23,27.69,33.39,4,0,0,29.17,33.18,11,0.23,0.32,0.35,25.48,20.37,30.95,-2.0169560323021707,1.703,27.183,1.953,27.433,1.928,27.408,2.069,27.549
42.9953,-9.2235,101.4,1,-6.0,0.29,0,24.63,28.27,34.16,6,0,0,29.32,33.29,12,0.32,0.51,0.13,25.67,20.46,30.73,-2.0165239973624733,1.703,27.373,1.953,27.623,1.928,27.598000000000003,2.069,27.739
43.5792,-8.2167,24.6,1,-23.9,-0.79,0,23.55,27.32,32.16,1,0,0,28.53,32.98,13,-0.65,-1.02,-0.84,24.97,19.97,31.55,-2.016078228425617,1.404,26.374,1.651,26.621,1.575,26.544999999999998,1.865,26.834999999999997
42.9855,-9.26,19.8,1,-75.8,-0.34,0,24.12,27.49,33.5,5,0,0,29.09,33.4,12,0.15,0.17,0.53,25.33,20.29,31.13,-2.0159387947781053,1.538,26.868,1.744,27.073999999999998,1.679,27.008999999999997,1.794,27.124
43.3177,-8.8409,30.4,1,-26.1,0.1,0,22.94,25.94,31.16,0,0,0,27.82,31.14,5,0.27,0.08,-0.04,25.29,20.52,31.18,-2.015237397487476,1.422,26.712,1.651,26.941,1.569,26.858999999999998,1.671,26.961
43.2841,-8.7038,57.1,1,-84.9,-0.52,0,22.51,25.6,29.6,0,0,0,27.44,30.99,6,0.02,-0.85,-0.56,25.12,20.52,31.38,-2.0149447961952918,1.544,26.664,1.797,26.917,1.754,26.874000000000002,1.904,27.024
41.887,-8.8655,22.9,1,-0.9,-1.54,0,24.24,28.42,35.36,5,1,0,28.45,32.7,8,-1.54,-1.95,-1.82,25.5,20.25,30.94,-2.0140807263158984,2.251,27.751,2.585,28.085,2.814,28.314,3.269,28.769
43.1981,-8.9848,209.6,1,56.0,-0.25,0,22.82,25.98,32.18,1,0,0,27.47,31.72,6,-0.62,-1.17,-0.69,24.87,19.66,31.68,-2.0132494003218486,1.596,26.466,1.852,26.722,1.818,26.688000000000002,1.971,26.841
43.0312,-9.2249,145.2,1,21.1,0.36,0,23.99,27.68,33.82,2,0,0,28.68,32.89,10,0.22,0.37,0.31,25.53,20.36,30.91,-2.012993771968077,1.605,27.135,1.837,27.367,1.815,27.345000000000002,1.942,27.472
43.698,-8.0579,167.8,1,56.4,-0.19,0,22.76,26.8,34.11,4,0,0,27.5,32.11,10,-0.56,-0.95,-0.77,25.16,20.15,31.35,-2.0113448539771386,1.313,26.473,1.491,26.651,1.481,26.641000000000002,1.761,26.921
43.2818,-8.8396,88.0,1,5.3,-0.02,0,23.05,26.2,32.64,1,0,0,27.99,31.69,8,-0.06,-0.35,-0.25,25.2,20.27,31.31,-2.009895581513377,1.512,26.712,1.756,26.956,1.689,26.889,1.811,27.011
43.3783,-8.4346,6.0,1,-21.3,-0.99,0,24.03,27.73,34.27,2,0,0,28.69,32.43,7,-0.86,-1.31,-1.38,25.21,19.9,31.32,-2.0052319238886547,1.487,26.697000000000003,1.744,26.954,1.706,26.916,1.869,27.079
43.1684,-9.1194,161.8,1,63.5,-0.36,0,22.32,25.95,31.98,0,0,0,26.96,30.79,4,-0.77,-0.49,-0.93,25.54,19.51,30.94,-2.0040287748345733,1.489,27.029,1.671,27.211,1.611,27.151,1.712,27.252
43.0857,-9.2025,50.2,1,-51.4,0.19,0,24.02,27.48,34.32,4,0,0,28.74,32.59,9,0.52,0.49,0.39,25.43,20.5,31.07,-2.003712934601137,1.475,26.905,1.679,27.108999999999998,1.628,27.058,1.731,27.161
43.2743,-8.7529,235.0,1,84.2,0.1,0,22.3,26.39,32.39,2,0,0,26.97,31.35,7,-0.45,-0.61,-0.72,25.32,20.01,31.2,-2.003397094367701,1.526,26.846,1.774,27.094,1.72,27.04,1.856,27.176000000000002
43.2938,-8.667,1.2,1,-99.5,-0.89,0,22.71,25.5,30.01,0,0,0,27.67,31.22,3,-0.26,-0.96,-0.46,25.05,20.26,31.52,-2.002426334726139,1.568,26.618000000000002,1.82,26.87,1.807,26.857,1.957,27.007
43.2745,-8.7406,270.8,1,115.5,-0.31,0,21.66,26.38,32.35,1,0,0,26.19,31.23,8,-1.06,-0.61,-0.8,25.36,19.42,31.16,-2.001947821903939,1.544,26.904,1.797,27.157,1.754,27.114,1.904,27.264
41.7699,-8.8736,10.0,1,-182.7,-2.27,0,23.22,26.8,33.3,3,0,0,27.63,30.59,3,-1.09,-1.84,-1.89,25.61,20.7,30.87,-2.0014925480229904,2.251,27.861,2.585,28.195,2.814,28.424,3.269,28.878999999999998
42.9498,-9.2462,114.4,1,25.9,0.4,0,24.05,27.7,34.05,4,0,0,28.64,33.28,10,0.22,0.41,0.32,25.57,20.36,30.92,-2.000791150732361,1.659,27.229,1.907,27.477,1.854,27.424,2.0,27.57
43.0138,-9.1996,104.5,1,-26.8,0.23,0,24.69,28.22,34.46,6,0,0,29.41,33.52,13,0.4,0.34,0.42,25.47,20.52,31.04,-2.000112992382985,1.657,27.127,1.905,27.375,1.898,27.368,2.045,27.515
43.2912,-8.8152,87.3,1,-2.9,-0.18,0,22.7,26.1,31.45,0,0,0,27.61,31.43,5,-0.16,-0.2,-0.24,25.3,20.18,31.24,-1.9998203910908,1.512,26.812,1.756,27.056,1.689,26.989,1.811,27.111
43.114,-9.142,111.3,1,24.8,0.09,0,23.69,27.13,34.07,1,0,0,28.41,32.25,9,-0.08,0.01,-0.17,25.42,20.03,31.1,-1.9997739132082957,1.534,26.954,1.742,27.162000000000003,1.708,27.128,1.819,27.239
43.3036,-8.6179,161.8,1,37.2,-0.53,0,22.23,25.97,30.76,0,0,0,27.02,31.26,3,-0.77,-0.96,-0.72,25.17,19.8,31.4,-1.9980785173348536,1.379,26.549000000000003,1.613,26.783,1.566,26.736,1.669,26.839000000000002
43.1974,-9.0218,61.0,1,-57.8,-0.94,0,22.96,26.77,31.99,0,0,0,27.81,32.16,5,-0.58,-0.4,-0.46,25.23,19.61,31.34,-1.9959046086392105,1.553,26.783,1.78,27.01,1.732,26.962,1.853,27.083000000000002
43.262,-8.9378,162.6,1,89.9,0.44,0,22.86,25.89,31.07,0,0,0,27.67,31.61,5,-0.14,-0.37,-0.02,25.07,20.08,31.54,-1.993099019476695,1.485,26.555,1.719,26.789,1.641,26.711,1.743,26.813
43.0323,-9.1757,101.3,1,-35.9,-0.14,0,24.35,27.94,34.23,4,0,0,29.14,33.27,12,0.08,-0.0,0.11,25.45,20.3,31.1,-1.992234949597302,1.657,27.107,1.905,27.355,1.898,27.348,2.045,27.494999999999997
43.0865,-9.1655,78.1,1,-33.0,-0.34,0,23.87,27.63,33.38,2,0,0,28.76,32.76,9,-0.14,0.07,-0.04,25.47,20.0,31.08,-1.991510313365422,1.554,27.023999999999997,1.772,27.241999999999997,1.746,27.215999999999998,1.863,27.333
43.3131,-8.5811,28.0,1,-87.2,-1.14,0,22.38,25.93,30.31,0,0,0,27.23,31.1,1,-0.59,-1.06,-0.85,25.18,20.02,31.42,-1.9912641899557404,1.42,26.6,1.657,26.837,1.622,26.802,1.734,26.914
43.0215,-9.2614,133.2,1,29.6,0.39,0,23.77,27.16,33.95,5,0,0,28.53,33.04,8,0.2,0.19,0.64,25.35,20.34,31.24,-1.987255451739144,1.605,26.955000000000002,1.837,27.187,1.815,27.165000000000003,1.942,27.292
42.9604,-9.1729,171.6,1,-15.6,-0.28,0,24.39,27.88,34.13,4,0,0,28.97,33.27,11,-0.19,-0.36,-0.25,25.52,20.32,31.05,-1.9853973832769372,1.756,27.276,2.018,27.538,2.015,27.535,2.181,27.701
43.2993,-8.865,34.2,1,-32.7,-0.06,0,23.04,26.17,31.57,0,0,0,27.94,31.55,5,0.14,0.07,0.1,25.3,20.39,31.31,-1.9847657028100645,1.482,26.782,1.718,27.018,1.642,26.942,1.741,27.041
43.3415,-8.4954,35.7,1,-28.0,-0.99,0,23.47,26.84,31.59,0,0,0,28.27,32.19,7,-0.81,-1.5,-0.93,25.0,19.93,31.69,-1.978429888253152,1.647,26.647,1.935,26.935,1.942,26.942,2.117,27.117
43.282,-8.8273,95.2,1,7.2,-0.1,0,22.91,26.35,32.8,1,0,0,27.86,31.58,8,-0.16,-0.19,-0.36,25.4,20.19,31.23,-1.9768411821418783,1.512,26.912,1.756,27.156,1.689,27.089,1.811,27.211
43.2995,-8.8526,59.5,1,-8.9,0.08,0,23.0,26.09,31.49,0,0,0,27.94,31.62,7,0.13,-0.0,0.15,25.27,20.4,31.39,-1.975099308385932,1.482,26.752,1.718,26.988,1.642,26.912,1.741,27.011
43.1586,-9.1561,68.7,1,-2.0,0.54,0,23.39,26.24,33.18,2,0,0,28.2,31.84,9,0.55,0.42,0.61,25.36,20.53,31.29,-1.9739891150968587,1.448,26.808,1.64,27.0,1.572,26.932,1.665,27.025
43.1491,-9.1803,30.2,1,-19.5,0.38,0,23.13,25.89,32.09,1,0,0,27.94,31.33,7,0.5,0.54,0.47,25.48,20.48,31.15,-1.9739426372143547,1.48,26.96,1.671,27.151,1.628,27.108,1.728,27.208000000000002
43.2824,-8.8026,107.5,1,1.2,-0.26,0,22.66,26.26,32.78,2,0,0,27.56,31.59,8,-0.27,-0.35,-0.3,25.31,20.11,31.35,-1.97365003592217,1.512,26.822,1.756,27.066,1.689,26.999,1.811,27.121
43.0315,-9.2126,152.7,1,27.2,0.31,0,24.01,27.9,34.02,4,0,0,28.66,33.07,7,0.13,0.45,0.4,25.61,20.27,31.0,-1.9735338412159105,1.605,27.215,1.837,27.447,1.815,27.425,1.942,27.552
43.096,-9.1413,132.4,1,6.4,-0.15,0,23.77,27.38,33.71,2,0,0,28.61,32.56,9,-0.2,-0.15,-0.21,25.46,19.97,31.18,-1.9725166036918445,1.619,27.079,1.855,27.315,1.844,27.304000000000002,1.993,27.453
43.2749,-8.7159,108.1,1,-45.4,-0.73,0,22.24,26.08,32.71,1,0,0,27.01,31.26,3,-0.44,-0.75,-0.65,25.3,20.07,31.39,-1.9675603447749377,1.544,26.844,1.797,27.097,1.754,27.054000000000002,1.904,27.204
43.2822,-8.8149,102.5,1,5.7,-0.21,0,22.77,26.21,32.87,1,0,0,27.69,31.76,8,-0.25,-0.37,-0.17,25.25,20.11,31.45,-1.9672212656002497,1.512,26.762,1.756,27.006,1.689,26.939,1.811,27.061
43.5149,-8.3144,42.8,1,-50.1,-0.54,0,23.76,27.13,31.82,0,0,0,28.76,33.07,11,-0.23,-0.86,-0.56,25.08,20.33,31.66,-1.9647779945536743,1.516,26.595999999999997,1.774,26.854,1.712,26.791999999999998,1.969,27.049
43.2846,-8.6791,40.5,1,-75.8,-0.71,0,22.63,25.73,29.43,0,0,0,27.54,31.06,4,-0.23,-0.81,-0.63,25.27,20.3,31.44,-1.9643459596139776,1.568,26.838,1.82,27.09,1.807,27.076999999999998,1.957,27.227
43.1859,-9.1448,97.7,1,-8.0,-0.45,0,22.13,25.11,30.1,0,0,0,26.98,30.44,2,-0.41,-0.64,-0.57,25.39,19.87,31.3,-1.9642994817314736,1.489,26.879,1.671,27.061,1.611,27.001,1.712,27.102
43.2543,-8.8634,116.6,1,44.7,-0.22,0,23.31,26.89,32.82,3,0,0,28.13,32.51,7,-0.51,-0.61,-0.41,25.22,19.87,31.5,-1.9640068804392896,1.482,26.701999999999998,1.718,26.938,1.642,26.862,1.741,26.961
43.2063,-9.0222,38.5,1,-68.9,-0.54,0,23.39,26.95,31.78,0,0,0,28.25,32.63,6,-0.1,-0.13,0.04,25.25,20.06,31.47,-1.9629199260914685,1.443,26.693,1.659,26.909,1.564,26.814,1.657,26.907
43.1155,-9.0681,282.9,1,81.6,-0.19,0,23.28,27.15,34.6,2,0,0,27.7,32.14,7,-0.73,-0.83,-0.84,25.39,19.6,31.31,-1.9621488119770836,1.605,26.995,1.851,27.241,1.819,27.209,1.964,27.354
43.2844,-8.6915,64.6,1,-61.1,-0.58,0,22.46,25.71,29.46,0,0,0,27.33,31.02,3,-0.19,-0.74,-0.57,25.28,20.33,31.44,-1.9618329717436465,1.568,26.848000000000003,1.82,27.1,1.807,27.087,1.957,27.237000000000002
43.0505,-9.1641,136.3,1,0.1,-0.02,0,24.18,27.73,34.31,4,0,0,28.93,33.17,10,-0.03,-0.13,0.06,25.46,20.23,31.23,-1.9617632549198905,1.554,27.014,1.772,27.232,1.746,27.206,1.863,27.323
43.115,-9.0927,239.6,1,69.5,0.13,0,23.64,27.3,33.35,1,0,0,28.33,32.21,10,-0.32,-0.45,-0.65,25.49,19.93,31.2,-1.9606763005720695,1.605,27.095,1.851,27.340999999999998,1.819,27.308999999999997,1.964,27.453999999999997
43.2809,-8.889,55.9,1,-24.1,-0.15,0,23.21,26.5,32.97,1,0,0,28.07,31.93,6,0.0,-0.11,0.03,25.28,20.27,31.45,-1.959682301989256,1.482,26.762,1.718,26.998,1.642,26.922,1.741,27.021
43.1864,-9.1201,32.7,1,-78.2,-0.9,0,22.26,25.25,31.68,0,0,0,27.09,30.82,3,-0.4,-0.74,-0.43,25.29,19.88,31.44,-1.959319983873315,1.489,26.779,1.671,26.961,1.611,26.901,1.712,27.002
43.5519,-8.2409,164.6,1,91.1,-0.63,0,23.08,27.62,32.91,1,0,0,27.77,33.08,13,-1.22,-0.99,-0.95,25.17,19.46,31.6,-1.9550651222470368,1.404,26.574,1.651,26.821,1.575,26.745,1.865,27.035
43.2666,-8.6785,188.8,1,59.4,-0.42,0,22.41,26.15,32.55,2,0,0,27.06,31.25,5,-0.81,-1.0,-1.01,25.35,19.78,31.39,-1.9549954054232808,1.568,26.918000000000003,1.82,27.17,1.807,27.157,1.957,27.307000000000002
43.5516,-8.2657,110.9,1,26.7,-0.17,0,23.4,27.0,31.85,0,0,0,28.39,32.84,11,-0.35,-0.82,-0.5,25.07,20.21,31.72,-1.9543869638976608,1.501,26.571,1.765,26.835,1.701,26.771,1.977,27.047
43.2734,-8.8023,119.8,1,7.5,-0.26,0,22.78,26.18,33.01,3,0,0,27.67,32.12,10,-0.31,-0.71,-0.07,25.07,20.1,31.73,-1.9522362941432696,1.512,26.582,1.756,26.826,1.689,26.759,1.811,26.881
42.9971,-9.1374,261.0,1,14.9,-0.47,0,23.81,27.85,34.56,5,0,0,28.17,32.65,8,-0.57,-0.45,-0.57,25.7,19.93,31.0,-1.950916950382929,1.812,27.512,2.079,27.779,2.1,27.8,2.312,28.012
43.086,-9.1902,70.8,1,-29.9,0.31,0,24.19,27.53,34.48,5,0,0,28.97,32.91,10,0.5,0.32,0.49,25.44,20.56,31.31,-1.9495838726254269,1.554,26.994,1.772,27.212,1.746,27.186,1.863,27.303
43.1497,-9.1557,52.0,1,-12.9,0.39,0,23.36,26.35,32.4,2,0,0,28.27,31.88,7,0.47,0.5,0.63,25.44,20.45,31.31,-1.9495838726254269,1.48,26.92,1.671,27.111,1.628,27.068,1.728,27.168000000000003
43.2633,-8.8637,88.4,1,12.5,-0.18,0,23.36,26.77,32.87,3,0,0,28.27,32.36,9,-0.27,-0.44,-0.27,25.28,20.09,31.51,-1.9467782834629104,1.482,26.762,1.718,26.998,1.642,26.922,1.741,27.021
43.3038,-8.6056,180.5,1,57.9,-0.55,0,22.06,26.33,31.51,0,0,0,26.74,31.05,3,-0.93,-0.66,-0.97,25.53,19.66,31.22,-1.9463230095819624,1.379,26.909000000000002,1.613,27.143,1.566,27.096,1.669,27.199
41.8238,-8.8754,45.3,1,-68.4,-1.62,0,23.24,27.06,35.02,4,1,0,27.6,31.08,5,-1.19,-1.74,-1.75,25.71,20.6,31.01,-1.946253292758206,2.251,27.961000000000002,2.585,28.295,2.814,28.524,3.269,28.979
43.0127,-9.2488,89.3,1,-11.8,0.49,0,24.36,27.65,34.58,5,0,0,29.1,33.19,9,0.56,0.43,0.56,25.59,20.7,31.16,-1.94414910088632,1.605,27.195,1.837,27.427,1.815,27.405,1.942,27.532
43.0677,-9.2017,75.8,1,-44.8,0.37,0,24.17,27.67,34.41,5,0,0,28.83,32.77,9,0.65,0.62,0.52,25.56,20.63,31.2,-1.9430853854797507,1.475,27.035,1.679,27.238999999999997,1.628,27.188,1.731,27.291
43.5153,-8.2896,157.0,1,64.4,-0.4,0,23.42,27.49,32.96,2,0,0,28.25,33.15,12,-0.82,-0.93,-0.73,25.16,19.81,31.67,-1.9425234218366327,1.511,26.671,1.77,26.93,1.71,26.87,1.972,27.132
43.1047,-9.1539,140.6,1,52.6,0.29,0,23.59,27.05,33.52,1,0,0,28.43,32.41,8,-0.05,0.07,0.13,25.46,20.05,31.33,-1.940256557375983,1.48,26.94,1.671,27.131,1.628,27.088,1.728,27.188000000000002
43.0957,-9.1536,115.8,1,7.9,0.17,0,23.97,27.4,33.5,2,0,0,28.87,32.6,10,0.11,0.06,0.01,25.53,20.25,31.25,-1.93987100031879,1.554,27.084,1.772,27.302,1.746,27.276,1.863,27.393
43.2901,-8.877,56.0,1,-16.9,-0.22,0,22.96,26.36,32.63,1,0,0,27.83,31.82,4,-0.11,0.04,0.14,25.36,20.15,31.46,-1.9374277292722148,1.482,26.842,1.718,27.078,1.642,27.002,1.741,27.101
43.2905,-8.8523,75.4,1,0.5,0.1,0,23.1,26.3,32.08,1,0,0,28.06,31.73,6,0.09,0.01,0.04,25.4,20.38,31.43,-1.9338277870540623,1.482,26.881999999999998,1.718,27.118,1.642,27.041999999999998,1.741,27.141
43.2631,-8.8761,96.4,1,23.7,-0.03,0,23.43,26.89,32.97,3,0,0,28.33,32.34,10,-0.19,-0.3,-0.25,25.36,20.15,31.48,-1.9331263897634328,1.482,26.842,1.718,27.078,1.642,27.002,1.741,27.101
43.5975,-8.1923,7.7,1,-20.5,-0.67,0,23.71,27.5,32.09,1,0,0,28.71,33.17,11,-0.54,-0.67,-0.62,25.21,20.02,31.66,-1.932109152239368,1.454,26.664,1.7,26.91,1.661,26.871000000000002,1.945,27.155
43.5624,-8.117,289.6,1,130.8,-0.32,0,23.33,27.9,33.49,2,0,0,27.84,32.7,14,-1.17,-1.2,-1.48,25.33,19.54,31.52,-1.9320626743568643,1.517,26.846999999999998,1.75,27.08,1.766,27.095999999999997,2.06,27.389999999999997
43.3416,-8.483,93.6,1,27.9,-0.73,0,23.53,27.42,32.2,1,0,0,28.2,32.1,6,-0.92,-1.18,-1.26,25.39,19.85,31.45,-1.932039435415612,1.647,27.037,1.935,27.325,1.942,27.332,2.117,27.507
43.2747,-8.7282,184.5,1,26.8,-0.83,0,21.68,26.31,32.26,1,0,0,26.27,31.5,6,-1.01,-0.65,-0.49,25.35,19.48,31.5,-1.9313380381249825,1.544,26.894000000000002,1.797,27.147000000000002,1.754,27.104000000000003,1.904,27.254
43.2732,-8.8146,120.8,1,18.4,-0.2,0,22.85,26.42,32.7,3,0,0,27.73,32.01,9,-0.32,-0.44,-0.21,25.31,20.07,31.55,-1.9306366408343545,1.512,26.822,1.756,27.066,1.689,26.999,1.811,27.121
43.0867,-9.1532,93.2,1,-33.7,-0.13,0,24.12,27.68,33.63,2,0,0,29.0,32.86,9,0.08,0.05,-0.03,25.59,20.26,31.24,-1.926943742851194,1.554,27.144,1.772,27.362,1.746,27.336,1.863,27.453
43.6526,-8.0942,34.6,1,-30.9,-0.49,0,24.07,28.29,32.86,3,0,0,28.99,33.58,17,-0.3,-0.69,-0.56,25.28,20.33,31.61,-1.925271585919003,1.313,26.593,1.491,26.771,1.481,26.761000000000003,1.761,27.041
43.0947,-9.2028,26.1,1,-55.9,0.14,0,23.78,27.47,34.62,2,0,0,28.62,32.24,10,0.49,0.84,0.35,25.78,20.47,31.03,-1.9243610381571057,1.475,27.255000000000003,1.679,27.459,1.628,27.408,1.731,27.511000000000003
43.351,-8.4586,40.6,1,-16.8,-0.93,0,23.95,27.76,33.55,3,0,0,28.61,32.62,10,-0.83,-1.35,-1.17,25.28,19.97,31.63,-1.9209702464102216,1.639,26.919,1.939,27.219,1.944,27.224,2.129,27.409000000000002
43.1245,-9.0684,232.8,1,47.9,-0.25,0,23.4,27.31,34.05,2,0,0,28.04,32.22,9,-0.57,-0.58,-0.72,25.52,19.72,31.35,-1.9208772906452132,1.605,27.125,1.851,27.371,1.819,27.339,1.964,27.483999999999998
43.0233,-9.1754,93.0,1,-51.4,-0.18,0,24.51,28.26,34.34,5,0,0,29.29,33.42,13,0.15,0.21,0.18,25.69,20.39,31.16,-1.9190192221830071,1.657,27.347,1.905,27.595000000000002,1.898,27.588,2.045,27.735
43.2454,-8.8631,120.5,1,46.1,-0.35,0,23.35,27.26,32.31,3,0,0,28.11,32.6,8,-0.65,-0.5,-0.57,25.43,19.75,31.47,-1.9176861444255056,1.578,27.008,1.832,27.262,1.794,27.224,1.93,27.36
42.9506,-9.2094,81.4,1,-28.3,0.37,0,24.82,28.14,34.83,6,0,0,29.45,33.91,15,0.55,0.45,0.66,25.61,20.69,31.26,-1.917616427601749,1.703,27.313,1.953,27.563,1.928,27.538,2.069,27.679
43.0125,-9.2611,91.2,1,-3.6,0.45,0,24.18,27.46,34.42,6,0,0,29.04,33.34,9,0.46,0.35,0.78,25.51,20.6,31.38,-1.9169382692523724,1.605,27.115000000000002,1.837,27.347,1.815,27.325000000000003,1.942,27.452
43.3231,-8.5196,5.0,1,-48.1,-1.27,0,23.3,26.79,31.85,0,0,0,27.99,32.12,2,-0.96,-1.35,-0.86,25.18,19.78,31.77,-1.915990748552063,1.478,26.658,1.731,26.911,1.71,26.89,1.845,27.025
43.1697,-9.0578,125.6,1,-0.7,-0.37,0,23.23,26.93,32.17,1,0,0,27.86,32.37,8,-0.37,-0.38,-0.23,25.31,19.8,31.62,-1.9155819525536184,1.522,26.831999999999997,1.718,27.028,1.672,26.982,1.78,27.09
43.3087,-8.8406,55.5,1,-8.5,0.3,0,23.13,26.27,32.07,1,0,0,28.01,31.51,8,0.35,0.26,0.15,25.52,20.62,31.39,-1.9122746116276503,1.422,26.942,1.651,27.171,1.569,27.089,1.671,27.191
43.5241,-8.3022,52.1,1,-35.6,-0.57,0,23.49,27.0,31.61,0,0,0,28.58,33.08,10,-0.35,-0.8,-0.35,25.13,20.21,31.87,-1.907048990359812,1.516,26.646,1.774,26.904,1.712,26.842,1.969,27.099
43.2802,-8.9261,122.2,1,35.8,0.37,0,23.0,26.52,31.89,0,0,0,27.76,31.64,5,0.13,0.41,0.2,25.57,20.33,31.36,-1.9061616815391664,1.485,27.055,1.719,27.289,1.641,27.211,1.743,27.313
42.9694,-9.1732,245.8,1,58.8,0.16,0,24.32,27.84,35.0,4,0,0,28.78,33.42,10,-0.23,-0.35,-0.03,25.58,20.26,31.35,-1.9057993634232264,1.756,27.336,2.018,27.598,2.015,27.595,2.181,27.761
43.2815,-8.852,78.4,1,-2.0,0.04,0,23.23,26.4,32.72,1,0,0,28.19,32.06,6,0.04,-0.18,0.12,25.33,20.36,31.65,-1.9041039675497844,1.482,26.811999999999998,1.718,27.048,1.642,26.971999999999998,1.741,27.070999999999998
43.1602,-9.0821,164.8,1,51.7,0.29,0,23.43,27.04,32.28,2,0,0,28.1,32.27,7,-0.05,-0.06,-0.09,25.45,20.08,31.51,-1.9040574896672795,1.522,26.971999999999998,1.718,27.168,1.672,27.122,1.78,27.23
42.9675,-9.2592,67.6,1,-31.2,0.19,0,24.46,28.09,34.06,5,0,0,29.33,33.88,16,0.38,0.51,0.66,25.67,20.52,31.26,-1.902538500379761,1.538,27.208000000000002,1.744,27.414,1.679,27.349,1.794,27.464000000000002
43.1891,-8.9845,196.9,1,38.6,-0.33,0,22.94,26.54,33.12,1,0,0,27.57,31.62,7,-0.58,-0.74,-0.88,25.42,19.74,31.56,-1.9008431045063192,1.596,27.016000000000002,1.852,27.272000000000002,1.818,27.238000000000003,1.971,27.391000000000002
43.3085,-8.8529,34.9,1,-29.8,0.41,0,23.36,26.35,32.02,1,0,0,28.16,31.4,8,0.59,0.41,0.11,25.63,20.84,31.32,-1.8996864333347423,1.437,27.067,1.67,27.299999999999997,1.582,27.212,1.672,27.302
42.9784,-9.1736,266.6,1,82.3,0.4,0,24.38,27.91,34.49,6,0,0,28.79,33.38,11,-0.13,-0.24,-0.0,25.63,20.31,31.33,-1.897535763580352,1.756,27.386,2.018,27.648,2.015,27.645,2.181,27.811
43.2662,-8.7032,176.0,1,29.2,-0.25,0,22.48,26.38,32.77,2,0,0,27.24,31.35,4,-0.45,-0.7,-0.82,25.53,20.1,31.45,-1.8968576052309745,1.544,27.074,1.797,27.327,1.754,27.284000000000002,1.904,27.434
42.9958,-9.1989,87.0,1,-56.6,0.12,0,24.88,28.57,34.83,8,0,0,29.56,33.78,14,0.48,0.62,0.56,25.78,20.62,31.16,-1.8964023313500256,1.756,27.536,2.018,27.798000000000002,2.015,27.795,2.181,27.961000000000002
43.022,-9.2368,104.0,1,-9.3,0.5,0,24.3,27.9,34.29,5,0,0,28.96,33.04,9,0.55,0.69,0.48,25.85,20.69,31.08,-1.8960167742928336,1.605,27.455000000000002,1.837,27.687,1.815,27.665000000000003,1.942,27.792
43.069,-9.1402,139.1,1,-17.7,-0.14,0,24.15,27.66,34.02,4,0,0,28.94,33.1,10,-0.03,-0.22,-0.04,25.57,20.25,31.42,-1.8932576630128213,1.619,27.189,1.855,27.425,1.844,27.414,1.993,27.563
43.304,-8.5932,147.9,1,23.6,-0.73,0,22.15,26.34,32.27,2,0,0,26.79,31.26,3,-0.89,-0.71,-0.81,25.54,19.72,31.46,-1.8921939476062524,1.42,26.96,1.657,27.197,1.622,27.162,1.734,27.274
43.2158,-8.9978,32.5,1,-86.9,-0.46,0,23.44,26.66,32.12,1,0,0,28.44,32.31,5,0.09,-0.24,-0.04,25.34,20.29,31.7,-1.8908376309074983,1.508,26.848,1.731,27.071,1.659,26.999,1.767,27.107
43.0962,-9.129,136.2,1,-13.5,-0.33,0,23.78,27.46,33.99,2,0,0,28.62,32.86,8,-0.25,-0.22,-0.04,25.52,19.96,31.49,-1.890767914083743,1.619,27.139,1.855,27.375,1.844,27.364,1.993,27.512999999999998
43.5422,-8.2903,16.2,1,-68.0,-0.74,0,23.29,26.83,30.72,0,0,0,28.41,32.75,8,-0.3,-0.62,-0.29,25.22,20.24,31.86,-1.8865827692812207,1.511,26.730999999999998,1.77,26.99,1.71,26.93,1.972,27.192
43.2728,-8.8393,92.1,1,3.4,0.01,0,23.26,26.5,32.99,3,0,0,28.19,32.26,8,-0.02,-0.31,0.0,25.36,20.34,31.7,-1.885811655166836,1.512,26.872,1.756,27.116,1.689,27.049,1.811,27.171
43.6032,-7.6212,301.8,1,112.2,-0.76,0,22.78,26.95,32.22,1,0,0,27.16,32.06,5,-1.5,-1.51,-2.0,25.84,19.58,31.14,-1.88562574363682,1.71,27.55,1.83,27.67,1.98,27.82,2.402,28.242
43.023,-9.1877,95.9,1,-40.5,0.11,0,24.65,28.38,35.17,7,1,0,29.26,33.62,11,0.36,0.44,0.48,25.73,20.53,31.28,-1.8831592336489928,1.657,27.387,1.905,27.635,1.898,27.628,2.045,27.775
42.9858,-9.2477,64.0,1,-37.1,0.2,0,24.45,28.1,33.82,6,0,0,29.32,33.42,13,0.43,0.71,0.52,25.87,20.57,31.12,-1.8823881195346075,1.703,27.573,1.953,27.823,1.928,27.798000000000002,2.069,27.939
41.86,-8.8646,6.9,1,-105.0,-2.08,0,23.39,27.32,33.03,2,0,0,27.92,31.92,5,-1.4,-1.81,-1.37,25.64,20.39,31.39,-1.882118757183675,2.251,27.891000000000002,2.585,28.225,2.814,28.454,3.269,28.909
43.0043,-9.2238,70.2,1,-37.2,0.42,0,24.85,28.36,34.49,7,0,0,29.66,33.61,16,0.65,0.68,0.58,25.84,20.79,31.18,-1.877023064619257,1.605,27.445,1.837,27.677,1.815,27.655,1.942,27.782
43.7074,-8.0208,79.6,1,-141.1,-0.74,0,22.86,26.54,31.29,0,0,0,27.62,31.81,8,0.16,-0.74,-0.39,25.37,20.87,31.73,-1.876846658033332,1.378,26.748,1.532,26.902,1.553,26.923000000000002,1.88,27.25
43.1898,-8.9475,241.6,1,81.2,-0.36,0,22.76,26.72,31.6,0,0,0,27.33,31.73,9,-0.89,-0.8,-0.89,25.46,19.5,31.63,-1.875736464744259,1.646,27.106,1.911,27.371000000000002,1.899,27.359,2.074,27.534
43.0045,-9.2115,80.1,1,-40.2,0.46,0,25.07,28.44,35.01,9,1,0,29.76,33.92,16,0.72,0.55,0.74,25.71,20.86,31.34,-1.8752811908633105,1.605,27.315,1.837,27.547,1.815,27.525000000000002,1.942,27.652
43.087,-9.1409,123.2,1,-20.5,-0.11,0,24.06,27.67,33.45,2,0,0,28.9,32.92,10,0.01,-0.01,-0.01,25.66,20.22,31.4,-1.8749421116886225,1.619,27.279,1.855,27.515,1.844,27.504,1.993,27.653
43.0955,-9.1659,60.8,1,-33.4,-0.09,0,23.92,27.46,33.61,3,0,0,28.87,32.92,10,0.12,0.21,0.43,25.55,20.22,31.53,-1.874626271455185,1.554,27.104,1.772,27.322,1.746,27.296,1.863,27.413
43.1324,-9.118,43.0,1,-66.1,-0.21,0,24.04,27.24,32.17,1,0,0,28.96,32.77,8,0.22,-0.02,0.24,25.44,20.34,31.66,-1.874310431221749,1.534,26.974,1.742,27.182000000000002,1.708,27.148,1.819,27.259
43.3083,-8.8653,18.6,1,-45.8,0.22,0,23.3,26.48,31.33,0,0,0,28.07,31.43,7,0.51,0.54,0.16,25.72,20.75,31.34,-1.8727682029929795,1.437,27.157,1.67,27.39,1.582,27.302,1.672,27.392
43.3004,-8.8032,72.8,1,-14.7,-0.02,0,22.69,26.39,30.41,0,0,0,27.49,31.23,3,0.07,0.37,-0.12,25.79,20.4,31.26,-1.8723826459357864,1.422,27.212,1.651,27.441,1.569,27.358999999999998,1.671,27.461
43.6074,-8.118,165.9,1,16.8,-0.42,0,23.47,28.06,32.71,2,0,0,28.22,32.84,16,-0.54,-0.53,-0.82,25.53,20.05,31.57,-1.8710495681782848,1.403,26.933,1.62,27.150000000000002,1.577,27.107,1.864,27.394000000000002
43.2624,-8.9131,87.6,1,8.1,-0.13,0,23.32,27.11,33.23,3,0,0,27.94,32.09,7,-0.19,0.14,-0.18,25.65,20.08,31.43,-1.8710030902957813,1.485,27.134999999999998,1.719,27.369,1.641,27.290999999999997,1.743,27.392999999999997
42.9406,-9.2581,126.2,1,49.5,0.82,0,24.18,27.93,34.71,4,0,0,28.86,33.42,12,0.49,0.76,0.53,25.92,20.63,31.13,-1.8676725104285603,1.512,27.432000000000002,1.706,27.626,1.656,27.576,1.768,27.688000000000002
43.5702,-8.2165,58.7,1,3.3,-0.66,0,23.64,27.74,32.07,1,0,0,28.52,33.03,13,-0.68,-0.84,-0.93,25.39,20.05,31.75,-1.867519342783888,1.404,26.794,1.651,27.041,1.575,26.965,1.865,27.255
43.0972,-9.0797,328.0,1,105.8,-0.01,0,23.29,27.33,32.91,1,0,0,27.75,32.29,9,-0.7,-0.67,-0.67,25.63,19.65,31.47,-1.8674263870188803,1.72,27.349999999999998,1.972,27.602,1.987,27.616999999999997,2.177,27.807
43.6343,-8.1187,36.3,1,-75.4,-0.55,0,23.99,27.82,32.56,3,0,0,28.97,33.44,16,-0.07,-0.74,-0.27,25.22,20.54,31.95,-1.867226741491704,1.403,26.622999999999998,1.62,26.84,1.577,26.796999999999997,1.864,27.084
43.2811,-8.8767,54.7,1,-20.1,-0.03,0,23.34,26.58,33.22,1,0,0,28.29,32.21,9,0.09,-0.03,0.27,25.41,20.38,31.73,-1.8667947065520072,1.482,26.892,1.718,27.128,1.642,27.052,1.741,27.151
43.199,-8.9355,148.4,1,14.7,-0.59,0,23.04,26.88,32.08,1,0,0,27.66,31.79,9,-0.69,-0.63,-0.9,25.55,19.69,31.57,-1.8660235924376225,1.646,27.196,1.911,27.461000000000002,1.899,27.449,2.074,27.624000000000002
43.1317,-9.155,15.0,1,-44.1,0.49,0,24.0,26.96,34.3,2,0,0,28.87,32.41,11,0.77,0.73,0.75,25.67,20.75,31.43,-1.8659771145551176,1.48,27.150000000000002,1.671,27.341,1.628,27.298000000000002,1.728,27.398000000000003
43.1142,-9.1297,61.0,1,-49.2,-0.25,0,24.1,27.59,33.89,3,0,0,28.84,32.91,11,0.06,0.06,0.11,25.6,20.2,31.52,-1.86421200185792,1.534,27.134,1.742,27.342000000000002,1.708,27.308,1.819,27.419
43.6717,-7.9952,375.9,1,85.0,-0.08,0,22.31,27.05,34.07,1,0,0,26.71,31.81,11,-0.63,-0.74,-0.76,25.55,20.07,31.58,-1.863872922683232,1.44,26.990000000000002,1.587,27.137,1.64,27.19,1.988,27.538
43.1404,-9.1677,23.8,1,-30.6,0.61,0,23.73,26.4,33.43,1,0,0,28.6,32.21,10,0.8,0.58,0.94,25.52,20.78,31.62,-1.862809207276662,1.48,27.0,1.671,27.191,1.628,27.148,1.728,27.248
43.1796,-9.0088,191.4,1,43.2,-0.27,0,23.13,26.75,32.71,1,0,0,27.81,32.11,9,-0.55,-0.71,-0.62,25.41,19.74,31.75,-1.862493367043225,1.553,26.963,1.78,27.19,1.732,27.142,1.853,27.263
42.9781,-9.1859,175.3,1,11.2,0.45,0,24.86,28.33,34.78,7,0,0,29.38,33.72,12,0.37,0.27,0.35,25.8,20.71,31.3,-1.861266979047892,1.756,27.556,2.018,27.818,2.015,27.815,2.181,27.981
43.2725,-8.8517,78.7,1,-5.6,-0.02,0,23.38,26.75,33.07,3,0,0,28.35,32.24,9,0.01,-0.12,-0.04,25.52,20.36,31.63,-1.8606585375222715,1.482,27.002,1.718,27.238,1.642,27.162,1.741,27.261
43.2527,-8.9498,82.0,1,10.0,0.34,0,23.27,26.06,31.82,0,0,0,28.21,31.93,7,0.27,-0.18,0.3,25.29,20.49,31.9,-1.8603891751713395,1.485,26.775,1.719,27.009,1.641,26.930999999999997,1.743,27.032999999999998
43.1687,-9.1071,127.8,1,19.8,-0.41,0,22.58,26.26,32.52,2,0,0,27.24,31.35,7,-0.54,-0.32,-0.46,25.71,19.74,31.41,-1.8602265025825744,1.489,27.199,1.671,27.381,1.611,27.321,1.712,27.422
43.1786,-9.0582,45.9,1,-74.7,-0.48,0,23.5,27.02,31.67,0,0,0,28.29,32.87,8,-0.01,-0.16,0.37,25.3,20.13,31.9,-1.857876187301008,1.522,26.822,1.718,27.018,1.672,26.972,1.78,27.080000000000002
43.6183,-7.9444,312.5,1,102.9,-0.43,0,22.61,26.43,32.64,1,0,0,27.18,32.24,8,-1.1,-1.37,-1.13,25.43,19.63,31.75,-1.8574673913025632,1.596,27.026,1.757,27.187,1.852,27.282,2.229,27.659
42.9495,-9.2585,151.5,1,68.2,0.8,0,23.98,27.72,34.32,3,0,0,28.65,33.4,11,0.36,0.69,0.66,25.85,20.5,31.26,-1.8573047187137983,1.512,27.362000000000002,1.706,27.556,1.656,27.506,1.768,27.618000000000002
43.6891,-8.0453,114.8,1,-19.2,-0.75,0,22.81,27.47,34.0,4,0,0,27.45,32.55,13,-0.63,-0.55,-0.52,25.56,20.08,31.6,-1.8570585953041188,1.394,26.953999999999997,1.545,27.104999999999997,1.578,27.137999999999998,1.901,27.461
43.2642,-8.8143,118.0,1,13.4,-0.13,0,23.17,26.93,32.82,3,0,0,28.02,32.23,10,-0.22,-0.28,-0.33,25.59,20.2,31.57,-1.8559716409562967,1.512,27.102,1.756,27.346,1.689,27.279,1.811,27.401
43.1776,-9.1075,70.8,1,-43.7,-0.72,0,22.47,25.9,31.66,0,0,0,27.23,31.31,4,-0.45,-0.46,-0.27,25.57,19.83,31.6,-1.8545456074337872,1.489,27.059,1.671,27.241,1.611,27.181,1.712,27.282
43.2754,-8.6912,145.6,1,12.4,-0.4,0,22.35,26.23,31.34,0,0,0,27.11,31.26,3,-0.49,-0.53,-0.64,25.63,20.05,31.53,-1.8545223684925356,1.568,27.198,1.82,27.45,1.807,27.436999999999998,1.957,27.587
43.106,-9.0924,281.0,1,89.7,0.32,0,23.69,27.26,33.4,2,0,0,28.32,32.62,9,-0.27,-0.53,-0.26,25.52,20.01,31.66,-1.854206528259099,1.605,27.125,1.851,27.371,1.819,27.339,1.964,27.483999999999998
43.264,-8.8267,110.5,1,15.3,-0.02,0,23.3,26.94,32.87,3,0,0,28.18,32.26,9,-0.13,-0.21,-0.32,25.62,20.27,31.55,-1.852734016854085,1.512,27.132,1.756,27.376,1.689,27.309,1.811,27.431
42.9691,-9.1855,185.4,1,22.5,0.66,0,25.04,28.56,35.93,8,1,0,29.58,33.86,17,0.51,0.45,0.41,25.88,20.83,31.25,-1.8519164248571969,1.756,27.636,2.018,27.898,2.015,27.895,2.181,28.061
42.9963,-9.1743,211.3,1,35.9,0.41,0,24.58,28.33,34.67,7,0,0,29.08,33.5,11,0.18,0.25,0.25,25.85,20.49,31.29,-1.8508527094506264,1.756,27.606,2.018,27.868000000000002,2.015,27.865000000000002,2.181,28.031000000000002
43.6068,-8.1677,0.4,1,-69.5,-0.51,0,24.04,27.53,32.8,2,0,0,29.09,33.4,14,-0.07,-0.63,-0.29,25.27,20.5,31.97,-1.8503604626312664,1.398,26.668,1.624,26.894,1.562,26.832,1.851,27.121
43.266,-8.7156,159.9,1,7.3,-0.53,0,22.3,26.39,32.66,2,0,0,26.99,31.78,5,-0.58,-0.73,-0.44,25.45,19.96,31.76,-1.8502907458075093,1.544,26.994,1.797,27.247,1.754,27.204,1.904,27.354
42.9501,-9.2339,87.5,1,-2.6,0.52,0,24.54,28.15,35.05,5,1,0,29.14,33.8,14,0.53,0.68,0.71,25.84,20.67,31.31,-1.8490643578121768,1.703,27.543,1.953,27.793,1.928,27.768,2.069,27.909
43.2712,-8.9257,166.2,1,84.2,0.55,0,23.08,26.65,32.07,1,0,0,27.8,31.85,7,0.0,0.26,0.11,25.63,20.22,31.57,-1.8459196894749723,1.485,27.115,1.719,27.349,1.641,27.271,1.743,27.372999999999998
43.2071,-8.9852,174.3,1,30.6,-0.15,0,23.04,26.33,31.66,0,0,0,27.78,32.14,4,-0.35,-0.71,-0.21,25.23,19.91,32.04,-1.8453577258318552,1.508,26.738,1.731,26.961000000000002,1.659,26.889,1.767,26.997
43.0788,-9.1037,261.2,1,42.7,-0.08,0,23.67,27.44,33.55,4,0,0,28.22,32.73,11,-0.37,-0.48,-0.32,25.65,19.98,31.55,-1.845195053243092,1.619,27.269,1.855,27.505,1.844,27.494,1.993,27.642999999999997
43.6634,-7.9329,297.0,1,63.7,-0.99,0,21.55,26.3,31.6,0,0,0,25.91,31.33,6,-1.41,-1.08,-1.27,25.61,19.39,31.6,-1.8444936559524625,1.47,27.08,1.621,27.230999999999998,1.67,27.28,2.03,27.64
43.2903,-8.8646,50.2,1,-21.9,0.03,0,23.22,26.39,31.67,0,0,0,28.18,32.13,6,0.17,0.08,0.45,25.44,20.45,31.8,-1.8442010546602776,1.482,26.922,1.718,27.158,1.642,27.082,1.741,27.181
43.2723,-8.864,73.2,1,-5.3,-0.02,0,23.42,26.83,33.17,3,0,0,28.39,32.33,11,0.01,-0.06,0.05,25.54,20.34,31.69,-1.842728543255264,1.482,27.022,1.718,27.258,1.642,27.182,1.741,27.281
43.5626,-8.1046,257.8,1,84.8,-0.35,0,23.56,28.01,34.17,3,0,0,28.07,32.89,17,-0.9,-1.06,-1.24,25.5,19.8,31.75,-1.8398764762102444,1.517,27.017,1.75,27.25,1.766,27.266,2.06,27.56
43.273,-8.827,110.2,1,16.3,-0.03,0,23.07,26.67,32.85,3,0,0,27.97,32.16,9,-0.15,-0.13,-0.07,25.58,20.23,31.66,-1.839128601037112,1.512,27.092,1.756,27.336,1.689,27.269,1.811,27.391
43.2756,-8.6788,117.4,1,-7.6,-0.58,0,22.48,26.2,31.46,0,0,0,27.26,31.37,4,-0.54,-0.62,-0.6,25.6,20.02,31.64,-1.83840396480523,1.568,27.168000000000003,1.82,27.42,1.807,27.407,1.957,27.557000000000002
43.06,-9.1399,162.4,1,-2.1,-0.16,0,24.1,27.85,33.94,4,0,0,28.79,33.26,8,-0.15,-0.12,0.02,25.73,20.17,31.5,-1.8358444990523952,1.619,27.349,1.855,27.585,1.844,27.574,1.993,27.723
43.5154,-8.2772,150.0,1,62.8,-0.47,0,23.56,27.91,32.87,1,0,0,28.32,33.25,14,-0.88,-0.81,-0.86,25.48,19.85,31.8,-1.8341491031789523,1.511,26.991,1.77,27.25,1.71,27.19,1.972,27.452
43.2705,-8.9628,61.2,1,-26.1,0.43,0,23.12,26.01,31.94,0,0,0,27.93,31.64,8,0.6,0.44,0.62,25.55,20.81,31.72,-1.8337635461217603,1.485,27.035,1.719,27.269000000000002,1.641,27.191000000000003,1.743,27.293
42.9601,-9.1852,142.9,1,-18.3,0.66,0,25.33,28.92,35.3,8,1,0,29.93,34.23,22,0.77,0.76,0.69,25.92,20.91,31.29,-1.833261794358308,1.756,27.676000000000002,2.018,27.938000000000002,2.015,27.935000000000002,2.181,28.101000000000003
43.5885,-8.1921,13.8,1,-20.8,-0.56,0,23.93,27.82,32.51,2,0,0,28.91,33.38,14,-0.43,-0.55,-0.56,25.43,20.17,31.87,-1.8316593542498736,1.454,26.884,1.7,27.13,1.661,27.091,1.945,27.375
43.2626,-8.9007,46.9,1,-34.0,-0.22,0,23.54,27.02,32.95,3,0,0,28.42,32.55,9,-0.01,-0.06,0.16,25.49,20.28,31.8,-1.8316361153086216,1.485,26.974999999999998,1.719,27.209,1.641,27.131,1.743,27.232999999999997
43.1137,-9.1543,107.3,1,36.2,0.57,0,23.83,27.22,34.33,1,0,0,28.59,32.36,9,0.33,0.53,0.31,25.81,20.4,31.43,-1.830795284370481,1.48,27.29,1.671,27.480999999999998,1.628,27.438,1.728,27.538
43.1322,-9.1304,30.9,1,-58.2,0.18,0,24.35,27.33,33.81,2,0,0,29.17,33.0,13,0.55,0.18,0.52,25.51,20.63,31.79,-1.82876080932235,1.534,27.044,1.742,27.252000000000002,1.708,27.218,1.819,27.329
43.3129,-8.5935,63.1,1,-51.6,-0.68,0,22.57,26.46,31.1,0,0,0,27.27,31.3,1,-0.35,-0.45,-0.65,25.73,20.24,31.54,-1.8272418200348324,1.42,27.15,1.657,27.387,1.622,27.352,1.734,27.464
43.1152,-9.0804,295.1,1,112.0,0.36,0,23.64,27.58,33.66,5,0,0,28.08,32.45,9,-0.37,-0.32,-0.49,25.76,19.92,31.51,-1.82615486568701,1.605,27.365000000000002,1.851,27.611,1.819,27.579,1.964,27.724
43.0503,-9.1764,125.7,1,-3.2,0.48,0,24.54,28.09,35.02,7,1,0,29.14,33.35,12,0.49,0.42,0.45,25.82,20.68,31.44,-1.826131626745758,1.554,27.374,1.772,27.592,1.746,27.566,1.863,27.683
43.6626,-8.0074,277.1,1,51.1,-0.16,0,23.05,27.8,33.99,3,0,0,27.58,32.41,14,-0.5,-0.54,-0.83,25.75,20.19,31.53,-1.82436651404856,1.394,27.144,1.545,27.295,1.578,27.328,1.901,27.651
43.2799,-8.9384,90.5,1,6.5,0.44,0,23.05,26.39,31.4,0,0,0,27.77,31.7,6,0.4,0.58,0.51,25.69,20.61,31.61,-1.8222390832354212,1.485,27.175,1.719,27.409000000000002,1.641,27.331000000000003,1.743,27.433
43.0682,-9.1771,117.7,1,4.6,0.63,0,24.51,28.02,34.73,6,0,0,29.17,33.1,10,0.59,0.53,0.39,25.88,20.75,31.39,-1.8218070482957252,1.554,27.433999999999997,1.772,27.651999999999997,1.746,27.625999999999998,1.863,27.743
43.1682,-9.1318,162.4,1,75.9,-0.06,0,22.47,26.23,31.55,0,0,0,27.12,30.97,4,-0.56,-0.03,-0.62,26.0,19.72,31.25,-1.8217605704132207,1.489,27.489,1.671,27.671,1.611,27.611,1.712,27.712
43.2835,-8.7408,176.7,1,23.5,-0.22,0,22.18,26.69,32.41,2,0,0,26.8,31.46,5,-0.38,-0.06,-0.31,25.78,20.07,31.51,-1.821128889946348,1.544,27.324,1.797,27.577,1.754,27.534000000000002,1.904,27.684
43.6161,-8.1431,103.5,1,1.4,-0.26,0,23.76,27.66,32.41,1,0,0,28.69,33.39,15,-0.28,-0.62,-0.23,25.33,20.31,32.04,-1.8202278471285431,1.403,26.732999999999997,1.62,26.95,1.577,26.906999999999996,1.864,27.194
43.051,-9.1395,162.4,1,-7.6,-0.1,0,24.25,27.93,34.11,5,0,0,28.93,33.31,11,-0.06,-0.11,0.0,25.8,20.3,31.5,-1.818253583960076,1.619,27.419,1.855,27.655,1.844,27.644000000000002,1.993,27.793
43.3034,-8.6303,116.0,1,-10.3,-0.21,0,22.85,26.48,30.8,0,0,0,27.59,31.46,6,-0.15,-0.32,-0.48,25.75,20.4,31.57,-1.8157638350309973,1.379,27.129,1.613,27.363,1.566,27.316,1.669,27.419
42.9524,-9.1234,399.9,1,106.7,-0.23,0,23.49,27.45,33.16,4,0,0,27.57,31.99,6,-0.93,-0.99,-1.21,26.01,19.96,31.27,-1.814946243034108,1.812,27.822000000000003,2.079,28.089000000000002,2.1,28.110000000000003,2.312,28.322000000000003
