estacion,concello,provincia,alt,serie,n_anios,media_max,max_observada,gumbel_mu,gumbel_sigma,retorno_5a,retorno_10a,retorno_20a,retorno_50a,retorno_20a_p5,retorno_20a_p95,periodo_de_la_maxima,ns_tendencia_dec,ns_p_tendencia,ns_significativa,ns_retorno_20a_2026,ns_retorno_20a_2045,sesgo_estacionario,p_superar_max_30a,lat,lon
10131,MANZANEDA,Ourense,1758.0,temperatura maxima,16,26.44,29.14,25.699,1.291,27.64,28.6,29.53,30.74,28.14,30.48,14.9,2.267,0.0024,True,30.86,35.17,1.33,1.0,42.26016,-7.298315
10138,A VEIGA,Ourense,1762.0,temperatura maxima,16,27.41,31.02,26.63,1.343,28.64,29.65,30.62,31.87,28.77,31.85,26.8,1.784,0.0264,True,31.84,35.23,1.22,1.0,42.207813,-6.89256
10130,CARBALLEDA DE VALDEORRAS,Ourense,1620.0,temperatura maxima,16,28.9,31.11,28.229,1.169,29.98,30.86,31.7,32.79,30.24,32.33,12.3,1.303,0.0834,False,32.68,35.15,0.98,1.0,42.375187,-6.783357
10800,CAMARIÑAS,A Coruña,5.0,temperatura maxima,16,28.75,33.62,27.825,1.6,30.23,31.43,32.58,34.07,30.73,34.28,37.9,-0.438,0.5727,False,31.95,31.12,-0.63,0.288,43.124447,-9.178318
14003,ARTEIXO,A Coruña,5.0,temperatura maxima,13,27.89,32.33,26.536,2.341,30.05,31.8,33.49,35.67,31.18,34.73,12.4,1.79,0.2043,False,34.4,37.8,0.91,1.0,43.34723,-8.531179
10093,MALPICA DE BERGANTIÑOS,A Coruña,161.0,temperatura maxima,16,29.79,34.41,28.86,1.618,31.29,32.5,33.67,35.17,31.75,35.21,31.4,0.434,0.6401,False,34.43,35.25,0.76,0.898,43.336,-8.836423
14000,A CORUÑA,A Coruña,5.0,temperatura maxima,16,29.27,33.32,28.206,1.853,30.98,32.37,33.71,35.43,31.6,34.84,16.3,-0.146,0.8697,False,33.25,32.97,-0.46,0.73,43.36506,-8.374706
10162,VIVEIRO,Lugo,59.0,temperatura maxima,16,30.57,33.28,29.776,1.375,31.84,32.87,33.86,35.14,32.69,34.44,13.3,-0.806,0.2897,False,33.38,31.85,-0.48,0.559,43.630886,-7.630877
10201,PEDRAFITA DO CEBREIRO,Lugo,1330.0,temperatura maxima,13,30.9,32.84,30.171,1.265,32.07,33.02,33.93,35.11,32.85,34.41,8.8,1.365,0.2528,False,35.3,37.89,1.37,1.0,42.7123,-7.125666
10204,CARBALLEDA DE VALDEORRAS,Ourense,1280.0,temperatura maxima,13,31.36,33.65,30.717,1.122,32.4,33.24,34.05,35.09,32.79,34.74,14.2,1.725,0.1452,False,35.55,38.83,1.5,1.0,42.340588,-6.765224
10118,BURELA,Lugo,421.0,temperatura maxima,16,29.69,33.3,28.626,1.837,31.38,32.76,34.08,35.79,32.5,35.03,13.2,2.565,0.0422,True,36.12,40.99,2.04,1.0,43.644855,-7.374807
10104,VIVEIRO,Lugo,545.0,temperatura maxima,16,30.35,34.23,29.345,1.738,31.95,33.25,34.51,36.12,33.05,35.66,17.1,2.166,0.1004,False,36.96,41.07,2.45,1.0,43.660763,-7.562965
10103,FOZ,Lugo,73.0,temperatura maxima,16,30.08,34.82,29.016,1.848,31.79,33.17,34.51,36.23,32.78,35.9,23.6,-3.231,0.0007,True,30.52,24.38,-3.99,0.01,43.558243,-7.278138
10047,RIBADEO,Lugo,51.0,temperatura maxima,16,30.17,35.44,29.076,1.888,31.91,33.33,34.68,36.44,32.72,36.25,29.6,-0.995,0.3208,False,33.76,31.87,-0.92,0.269,43.540714,-7.083024
10062,CERVANTES,Lugo,1364.0,temperatura maxima,16,30.9,35.02,29.909,1.718,32.49,33.78,35.01,36.61,32.89,36.36,20.1,1.861,0.0388,True,36.09,39.62,1.08,1.0,42.820778,-6.922902
10134,RIBEIRA,A Coruña,21.0,temperatura maxima,16,31.66,35.44,30.787,1.508,33.05,34.18,35.27,36.67,33.69,36.49,22.4,-0.543,0.4855,False,34.7,33.67,-0.57,0.433,42.47135,-9.005851
10115,A VEIGA,Ourense,1229.0,temperatura maxima,16,32.39,34.72,31.625,1.332,33.62,34.62,35.58,36.82,34.24,36.33,10.7,2.228,0.0023,True,36.98,41.21,1.4,1.0,42.355392,-7.008639
10097,ORTIGUEIRA,A Coruña,576.0,temperatura maxima,16,30.64,34.97,29.415,2.115,32.59,34.17,35.7,37.67,33.78,37.02,14.3,3.755,0.0137,True,39.19,46.33,3.49,1.0,43.59178,-7.788782
10132,PEDRAFITA DO CEBREIRO,Lugo,1310.0,temperatura maxima,16,32.47,35.09,31.653,1.409,33.77,34.82,35.84,37.15,34.43,36.61,12.0,2.254,0.0014,True,36.85,41.13,1.01,1.0,42.707104,-7.047078
10906,CANGAS,Pontevedra,3.0,temperatura maxima,9,33.33,35.13,32.689,1.103,34.34,35.17,35.97,36.99,34.63,36.49,9.7,,,,,,,,42.260456,-8.782575
10122,RODEIRO,Pontevedra,991.0,temperatura maxima,16,32.68,35.79,31.86,1.426,34.0,35.07,36.09,37.42,34.79,36.79,16.3,1.181,0.1752,False,37.26,39.5,1.17,1.0,42.579758,-7.933075
19037,A VEIGA,Ourense,1217.0,temperatura maxima,16,32.99,36.81,32.2,1.372,34.26,35.29,36.27,37.55,34.57,37.6,29.3,1.918,0.0048,True,37.2,40.84,0.93,1.0,42.211124,-6.991786
10052,LOUSAME,A Coruña,661.0,temperatura maxima,16,32.56,36.34,31.666,1.553,33.99,35.16,36.28,37.72,34.55,37.34,20.8,1.189,0.2974,False,38.01,40.27,1.73,1.0,42.745583,-8.776306
10096,CORISTANCO,A Coruña,540.0,temperatura maxima,16,32.48,36.14,31.552,1.61,33.97,35.17,36.33,37.83,34.8,37.26,17.8,-0.476,0.6023,False,35.84,34.94,-0.49,0.571,43.095192,-8.69099
10092,CEDEIRA,A Coruña,254.0,temperatura maxima,16,32.2,36.06,31.188,1.753,33.82,35.13,36.39,38.03,34.59,37.52,16.6,1.121,0.2299,False,37.33,39.46,0.94,1.0,43.70426,-8.052468
10905,BUEU,Pontevedra,44.0,temperatura maxima,8,32.7,35.37,31.797,1.557,34.13,35.3,36.42,37.87,34.26,37.28,10.4,,,,,,,,42.3396,-8.833798
10133,CUNTIS,Pontevedra,715.0,temperatura maxima,15,32.64,36.02,31.72,1.591,34.11,35.3,36.45,37.93,34.71,37.46,15.4,0.166,0.8701,False,36.43,36.75,-0.02,0.906,42.675583,-8.586177
19015,ABADÍN,Lugo,662.0,temperatura maxima,15,31.86,35.7,30.742,1.944,33.66,35.12,36.51,38.32,34.78,37.69,13.3,3.023,0.0451,True,39.29,45.03,2.78,1.0,43.405445,-7.502042
10088,ABADÍN,Lugo,595.0,temperatura maxima,16,31.33,35.68,30.077,2.177,33.34,34.98,36.54,38.57,34.58,37.77,13.6,3.285,0.0355,True,39.63,45.87,3.09,1.0,43.454594,-7.446248
10202,CHANTADA,Lugo,842.0,temperatura maxima,14,32.97,35.79,32.082,1.533,34.38,35.53,36.63,38.06,35.04,37.4,11.7,1.643,0.0712,False,37.38,40.5,0.75,1.0,42.669987,-7.887967
10057,MACEDA,Ourense,981.0,temperatura maxima,16,33.29,35.74,32.47,1.423,34.6,35.67,36.7,38.02,35.68,37.29,10.5,0.792,0.4073,False,37.94,39.45,1.24,1.0,42.298744,-7.590657
10126,BUEU,Pontevedra,121.0,temperatura maxima,16,32.6,36.72,31.601,1.739,34.21,35.51,36.76,38.38,35.0,37.86,19.5,0.793,0.4491,False,37.65,39.16,0.89,0.995,42.382084,-8.936188
10085,VILANOVA DE AROUSA,Pontevedra,3.0,temperatura maxima,16,33.47,36.43,32.652,1.418,34.78,35.84,36.86,38.18,35.57,37.76,14.9,0.99,0.3503,False,38.4,40.28,1.54,1.0,42.580074,-8.804707
10157,A CORUÑA,A Coruña,21.0,temperatura maxima,10,31.56,35.0,30.278,2.215,33.6,35.26,36.86,38.92,34.11,37.67,8.9,0.689,0.7138,False,36.97,38.27,0.11,0.999,43.382763,-8.409202
10153,VIMIANZO,A Coruña,405.0,temperatura maxima,16,32.61,37.09,31.576,1.79,34.26,35.6,36.89,38.56,34.76,38.21,22.3,0.22,0.7957,False,36.84,37.26,-0.05,0.801,43.10812,-9.056941
19041,A MEZQUITA,Ourense,1025.0,temperatura maxima,16,33.95,37.08,33.241,1.233,35.09,36.02,36.9,38.05,35.61,37.94,23.0,1.51,0.0233,True,37.91,40.78,1.01,1.0,42.01746,-7.048907
10046,MONFERO,A Coruña,651.0,temperatura maxima,16,32.5,35.74,31.437,1.844,34.2,35.59,36.91,38.63,35.14,37.64,10.8,1.595,0.0591,False,37.78,40.81,0.87,1.0,43.343082,-7.8944
10119,MUÍÑOS,Ourense,1059.0,temperatura maxima,16,33.22,36.62,32.326,1.546,34.65,35.81,36.92,38.36,35.34,37.93,16.6,1.775,0.0516,False,38.06,41.43,1.14,1.0,41.903606,-7.971908
10055,VILALBA,Lugo,684.0,temperatura maxima,16,33.22,36.31,32.298,1.589,34.68,35.87,37.02,38.5,35.22,37.84,13.0,0.922,0.2574,False,37.46,39.21,0.44,1.0,43.226593,-7.783072
10117,SAN XOÁN DE RÍO,Ourense,1026.0,temperatura maxima,16,33.74,36.44,32.94,1.391,35.03,36.07,37.07,38.37,35.72,37.87,12.9,0.932,0.2698,False,38.03,39.8,0.96,1.0,42.393867,-7.297161
19004,NARÓN,A Coruña,69.0,temperatura maxima,16,33.46,37.75,32.585,1.512,34.85,35.99,37.08,38.49,35.22,38.39,30.9,0.918,0.1866,False,37.53,39.28,0.45,0.983,43.554344,-8.203325
10125,VIGO,Pontevedra,25.0,temperatura maxima,16,33.25,36.39,32.311,1.621,34.74,35.96,37.13,38.64,35.73,37.91,12.9,-0.853,0.2912,False,36.18,34.56,-0.95,0.488,42.2139,-8.906
19018,BALEIRA,Lugo,990.0,temperatura maxima,16,32.67,35.86,31.596,1.862,34.39,35.79,37.13,38.86,35.48,37.88,10.4,0.484,0.7072,False,37.96,38.88,0.83,0.998,43.031902,-7.187797
10094,MESÍA,A Coruña,401.0,temperatura maxima,16,34.01,36.37,33.248,1.318,35.23,36.21,37.16,38.39,36.09,37.76,11.2,0.363,0.6259,False,37.74,38.43,0.58,0.998,43.12481,-8.279388
10086,FORNELOS DE MONTES,Pontevedra,705.0,temperatura maxima,16,33.71,36.85,32.864,1.472,35.07,36.18,37.24,38.61,35.76,38.15,15.5,0.477,0.661,False,38.41,39.32,1.17,0.997,42.315304,-8.400214
14001,VIGO,Pontevedra,7.0,temperatura maxima,13,34.07,36.34,33.284,1.369,35.34,36.36,37.35,38.62,36.03,37.96,9.8,1.102,0.3001,False,38.06,40.15,0.71,1.0,42.24167,-8.727587
10161,VIGO,Pontevedra,460.0,temperatura maxima,16,33.66,37.34,32.76,1.552,35.09,36.25,37.37,38.82,35.9,38.47,19.6,0.597,0.5871,False,38.3,39.43,0.93,0.991,42.169926,-8.686054
10101,FRIOL,Lugo,731.0,temperatura maxima,16,33.63,36.26,32.69,1.621,35.12,36.34,37.51,39.02,36.23,38.08,9.6,1.003,0.2216,False,38.23,40.14,0.72,1.0,43.0374,-7.892649
10091,OIA,Pontevedra,480.0,temperatura maxima,16,33.56,38.04,32.561,1.728,35.15,36.45,37.69,39.31,36.02,38.99,24.3,1.773,0.163,False,39.68,43.05,1.99,1.0,41.99327,-8.864355
19005,BERGONDO,A Coruña,175.0,temperatura maxima,16,34.31,37.89,33.483,1.438,35.64,36.72,37.75,39.09,36.17,38.91,22.0,0.637,0.3547,False,38.5,39.71,0.75,0.99,43.307995,-8.276487
10141,NARÓN,A Coruña,278.0,temperatura maxima,16,32.81,37.19,31.611,2.083,34.74,36.3,37.8,39.74,36.27,38.82,15.1,2.082,0.1298,False,40.2,44.15,2.4,1.0,43.562504,-8.132825
10137,NAVIA DE SUARNA,Lugo,910.0,temperatura maxima,16,34.39,37.92,33.561,1.43,35.71,36.78,37.81,39.14,36.15,38.74,21.6,1.316,0.0507,False,38.48,40.98,0.67,1.0,42.955997,-6.915305
19042,CALVOS DE RANDÍN,Ourense,890.0,temperatura maxima,16,34.71,37.53,33.969,1.292,35.91,36.88,37.81,39.01,36.21,38.71,16.3,0.985,0.1702,False,38.41,40.28,0.6,1.0,41.961655,-7.895386
10139,ZAS,A Coruña,317.0,temperatura maxima,16,34.94,37.46,34.197,1.278,36.11,37.07,37.99,39.18,37.13,38.58,13.4,-1.329,0.1134,False,37.06,34.54,-0.93,0.319,43.02887,-8.974911
19014,MONDOÑEDO,Lugo,115.0,temperatura maxima,15,34.39,36.22,33.513,1.525,35.8,36.95,38.04,39.46,36.96,38.47,6.4,1.303,0.334,False,40.55,43.03,2.51,1.0,43.45692,-7.340111
10105,POL,Lugo,647.0,temperatura maxima,16,34.78,37.3,33.974,1.395,36.07,37.11,38.12,39.42,36.77,38.93,11.4,0.611,0.459,False,38.6,39.76,0.48,1.0,43.162598,-7.282577
19008,VAL DO DUBRA,A Coruña,369.0,temperatura maxima,16,34.37,37.78,33.462,1.574,35.82,37.0,38.14,39.6,36.74,38.97,16.0,0.514,0.5459,False,38.77,39.75,0.63,0.99,43.00191,-8.6992
10107,GUITIRIZ,Lugo,496.0,temperatura maxima,16,34.76,37.47,33.949,1.41,36.06,37.12,38.14,39.45,36.81,38.81,12.7,1.052,0.1029,False,38.65,40.65,0.51,1.0,43.14569,-7.791122
10048,VILARIÑO DE CONSO,Ourense,1026.0,temperatura maxima,16,35.14,37.5,34.417,1.259,36.3,37.25,38.15,39.33,37.1,38.69,12.1,0.249,0.7488,False,38.47,38.94,0.32,0.988,42.11956,-7.344628
10135,CARNOTA,A Coruña,170.0,temperatura maxima,15,33.66,37.95,32.558,1.906,35.42,36.85,38.22,40.0,36.43,39.32,17.4,2.194,0.0989,False,40.47,44.64,2.25,1.0,42.795036,-9.126011
19025,LOURENZÁ,Lugo,103.0,temperatura maxima,15,34.74,37.01,33.885,1.475,36.1,37.2,38.26,39.64,37.3,38.72,8.8,0.752,0.5095,False,39.92,41.35,1.66,1.0,43.43727,-7.279275
10087,SANTA COMBA,A Coruña,369.0,temperatura maxima,16,34.46,37.49,33.532,1.61,35.95,37.15,38.31,39.81,36.85,39.11,12.2,-1.286,0.1287,False,36.98,34.54,-1.33,0.337,42.968616,-8.868301
10050,FERROL,A Coruña,37.0,temperatura maxima,16,34.68,38.65,33.777,1.572,36.14,37.31,38.45,39.91,36.9,39.65,22.7,0.743,0.3249,False,39.09,40.51,0.64,0.988,43.491467,-8.252274
10136,A FONSAGRADA,Lugo,789.0,temperatura maxima,16,34.68,38.69,33.768,1.584,36.14,37.33,38.47,39.95,36.36,39.77,22.9,1.563,0.0205,True,38.82,41.79,0.35,1.0,43.17712,-7.047859
10116,VIANA DO BOLO,Ourense,851.0,temperatura maxima,16,35.86,38.97,35.176,1.188,36.96,37.85,38.7,39.81,37.36,39.72,24.9,1.621,0.0093,True,39.55,42.63,0.85,1.0,42.16304,-7.089615
19039,RIÓS,Ourense,839.0,temperatura maxima,16,35.97,38.98,35.31,1.148,37.03,37.89,38.72,39.79,37.25,39.76,24.9,1.174,0.0297,True,39.14,41.38,0.42,1.0,41.98036,-7.285618
10067,POIO,Pontevedra,515.0,temperatura maxima,16,34.91,37.91,33.986,1.606,36.39,37.6,38.76,40.25,37.21,39.57,12.0,0.734,0.4933,False,40.17,41.57,1.41,1.0,42.458405,-8.722065
10144,ARZÚA,A Coruña,362.0,temperatura maxima,16,35.98,38.49,35.3,1.181,37.07,37.96,38.81,39.91,37.7,39.48,15.4,0.327,0.6398,False,39.14,39.76,0.33,0.983,42.931965,-8.17469
19040,VILARDEVÓS,Ourense,778.0,temperatura maxima,16,35.77,38.66,35.019,1.307,36.98,37.96,38.9,40.12,37.45,39.77,16.7,2.035,0.0012,True,39.73,43.6,0.83,1.0,41.898197,-7.188015
10049,RIBEIRA,A Coruña,30.0,temperatura maxima,16,34.83,39.03,33.847,1.71,36.41,37.69,38.92,40.52,36.99,40.43,21.2,0.83,0.293,False,39.16,40.74,0.24,0.984,42.555164,-9.028601
10142,VIGO,Pontevedra,100.0,temperatura maxima,15,35.57,37.68,34.763,1.401,36.86,37.92,38.92,40.23,37.61,39.44,8.5,1.246,0.235,False,40.05,42.42,1.13,1.0,42.225945,-8.713502
10061,LALÍN,Pontevedra,500.0,temperatura maxima,16,35.94,39.31,35.2,1.274,37.11,38.07,38.98,40.17,37.64,39.99,25.7,0.511,0.5155,False,39.59,40.56,0.61,0.971,42.614384,-8.137295
10064,PONTEVEDRA,Pontevedra,52.0,temperatura maxima,16,35.76,38.29,34.972,1.359,37.01,38.03,39.01,40.27,37.82,39.71,12.0,0.669,0.4339,False,39.79,41.06,0.78,1.0,42.40924,-8.664094
10056,MONFORTE DE LEMOS,Lugo,645.0,temperatura maxima,16,36.2,38.74,35.508,1.203,37.31,38.21,39.08,40.2,38.01,39.83,15.2,0.241,0.7482,False,39.63,40.08,0.55,0.982,42.473194,-7.501777
10110,BALTAR,Ourense,807.0,temperatura maxima,16,36.23,38.44,35.539,1.196,37.33,38.23,39.09,40.2,38.14,39.71,11.8,1.153,0.1527,False,40.4,42.59,1.31,1.0,41.94622,-7.708379
19010,LOUSAME,A Coruña,157.0,temperatura maxima,15,35.41,38.25,34.489,1.593,36.88,38.07,39.22,40.7,37.59,40.07,11.1,1.835,0.1688,False,41.46,44.95,2.24,1.0,42.80141,-8.836885
50500,SANTIAGO DE COMPOSTELA,A Coruña,305.0,temperatura maxima,16,35.34,38.37,34.397,1.642,36.86,38.09,39.27,40.8,37.7,40.04,11.8,-0.227,0.8191,False,39.3,38.87,0.03,0.89,42.88659,-8.521138
19070,MEIS,Pontevedra,256.0,temperatura maxima,13,35.22,37.59,34.24,1.696,36.78,38.06,39.28,40.86,37.89,39.88,7.7,2.298,0.0917,False,40.91,45.28,1.63,1.0,42.468124,-8.742008
10112,CELANOVA,Ourense,623.0,temperatura maxima,16,36.82,39.67,36.221,1.039,37.78,38.56,39.31,40.28,38.17,40.29,28.1,-0.302,0.6692,False,39.33,38.75,0.02,0.548,42.173622,-7.968152
19001,CARBALLO,A Coruña,134.0,temperatura maxima,16,35.22,39.71,34.232,1.711,36.8,38.08,39.31,40.91,37.4,40.65,25.1,0.516,0.6277,False,40.07,41.05,0.76,0.946,43.15616,-8.685357
10129,SANXENXO,Pontevedra,34.0,temperatura maxima,16,35.77,39.43,34.916,1.482,37.14,38.25,39.32,40.7,37.54,40.69,21.5,1.243,0.2218,False,40.81,43.17,1.49,1.0,42.40308,-8.798792
10098,SAMOS,Lugo,826.0,temperatura maxima,16,35.68,38.81,34.793,1.54,37.1,38.26,39.37,40.8,37.94,40.11,14.1,1.104,0.1723,False,40.35,42.44,0.98,1.0,42.747143,-7.24874
19046,VILANOVA DE AROUSA,Pontevedra,72.0,temperatura maxima,15,35.97,38.83,35.145,1.425,37.28,38.35,39.38,40.71,37.97,40.18,13.8,1.704,0.1236,False,41.11,44.35,1.73,1.0,42.539917,-8.784433
19071,ORDES,A Coruña,266.0,temperatura maxima,13,35.76,38.84,34.877,1.532,37.18,38.33,39.43,40.86,37.77,40.34,13.8,-0.171,0.8689,False,39.27,38.95,-0.16,0.825,43.06872,-8.412142
10146,CASTRO DE REI,Lugo,428.0,temperatura maxima,16,35.88,39.0,35.005,1.522,37.29,38.43,39.53,40.94,38.19,40.4,14.3,0.958,0.2965,False,40.39,42.22,0.86,1.0,43.155926,-7.485878
10111,ENTRIMO,Ourense,763.0,temperatura maxima,16,36.35,38.93,35.58,1.339,37.59,38.59,39.56,40.8,38.28,40.19,12.7,1.182,0.1431,False,40.47,42.71,0.91,1.0,41.944828,-8.106171
10109,AVIÓN,Ourense,553.0,temperatura maxima,16,36.74,39.25,36.056,1.185,37.83,38.72,39.58,40.68,38.56,40.2,15.3,0.4,0.6212,False,40.25,41.01,0.67,0.996,42.414585,-8.238242
19003,VEDRA,A Coruña,225.0,temperatura maxima,16,36.84,39.75,36.169,1.168,37.92,38.8,39.64,40.72,38.17,40.7,22.0,0.814,0.3006,False,40.57,42.12,0.93,1.0,42.78478,-8.434715
10060,TUI,Pontevedra,484.0,temperatura maxima,16,36.0,39.35,35.097,1.565,37.44,38.62,39.75,41.2,38.33,40.84,15.6,1.805,0.0683,False,41.32,44.75,1.57,1.0,42.0786,-8.679444
10124,SANTIAGO DE COMPOSTELA,A Coruña,255.0,temperatura maxima,16,36.17,40.03,35.28,1.548,37.6,38.76,39.88,41.32,38.24,41.17,22.0,-0.449,0.6105,False,39.56,38.71,-0.32,0.538,42.87596,-8.559434
10121,CERDEDO-COTOBADE,Pontevedra,367.0,temperatura maxima,16,36.16,39.63,35.247,1.586,37.63,38.82,39.96,41.44,38.31,41.06,16.4,0.947,0.3474,False,41.12,42.92,1.16,1.0,42.467537,-8.502887
10106,A PONTENOVA,Lugo,490.0,temperatura maxima,16,34.53,38.81,33.184,2.335,36.69,38.44,40.12,42.29,38.34,41.2,11.6,4.173,0.0127,True,43.91,51.84,3.79,1.0,43.339153,-7.168036
19072,PONTE CALDELAS,Pontevedra,350.0,temperatura maxima,13,35.82,40.02,34.767,1.819,37.5,38.86,40.17,41.87,37.88,41.6,18.4,2.763,0.0354,True,41.42,46.67,1.25,1.0,42.39316,-8.506196
10045,ABEGONDO,A Coruña,94.0,temperatura maxima,16,35.95,39.49,34.929,1.765,37.58,38.9,40.17,41.82,38.57,41.12,13.8,1.326,0.2339,False,42.0,44.52,1.83,1.0,43.241367,-8.262225
19066,RIBADUMIA,Pontevedra,27.0,temperatura maxima,14,36.08,39.02,35.092,1.712,37.66,38.94,40.18,41.77,38.76,40.97,10.4,2.647,0.0447,True,42.1,47.13,1.92,1.0,42.497288,-8.763514
19050,VILA DE CRUCES,Pontevedra,211.0,temperatura maxima,16,37.07,40.22,36.316,1.303,38.27,39.25,40.19,41.4,38.52,41.22,20.5,0.816,0.1879,False,40.39,41.94,0.2,0.998,42.77911,-8.318691
19069,O GROVE,Pontevedra,9.0,temperatura maxima,13,36.19,39.16,35.218,1.679,37.74,39.0,40.21,41.77,38.52,41.21,11.0,3.058,0.057,False,42.89,48.7,2.68,1.0,42.45738,-8.876006
10113,BAÑOS DE MOLGAS,Ourense,604.0,temperatura maxima,16,36.61,39.9,35.744,1.504,38.0,39.13,40.21,41.61,38.56,41.26,16.3,0.934,0.347,False,41.21,42.98,1.0,1.0,42.23335,-7.629124
19011,ROIS,A Coruña,111.0,temperatura maxima,14,36.37,39.43,35.439,1.62,37.87,39.08,40.25,41.76,38.8,41.01,12.3,1.189,0.2609,False,41.47,43.73,1.22,1.0,42.7965,-8.716
10127,CALDAS DE REIS,Pontevedra,268.0,temperatura maxima,16,36.65,39.52,35.786,1.505,38.04,39.17,40.26,41.66,39.13,41.12,12.5,0.771,0.5276,False,42.07,43.54,1.81,1.0,42.595306,-8.618997
10095,BOQUEIXÓN,A Coruña,231.0,temperatura maxima,16,36.83,40.28,35.997,1.441,38.16,39.24,40.28,41.62,38.75,41.39,20.1,0.695,0.5374,False,41.63,42.94,1.35,0.998,42.822826,-8.461246
10089,MELIDE,A Coruña,477.0,temperatura maxima,16,36.44,40.11,35.507,1.613,37.93,39.14,40.3,41.8,38.72,41.28,17.9,1.352,0.0522,False,40.89,43.46,0.59,1.0,42.907383,-7.982653
10100,QUIROGA,Lugo,697.0,temperatura maxima,16,37.01,40.31,36.215,1.375,38.28,39.31,40.3,41.58,38.86,41.23,20.2,1.314,0.0526,False,41.14,43.64,0.84,1.0,42.492397,-7.275823
10158,LALÍN,Pontevedra,601.0,temperatura maxima,8,35.98,39.62,34.913,1.848,37.69,39.07,40.4,42.12,37.97,42.02,13.3,,,,,,,,42.656265,-8.107154
19068,MEAÑO,Pontevedra,97.0,temperatura maxima,13,36.41,38.74,35.426,1.705,37.98,39.26,40.49,42.08,39.08,41.15,7.5,1.984,0.1531,False,42.19,45.95,1.7,1.0,42.436275,-8.774661
10102,FOLGOSO DO COUREL,Lugo,777.0,temperatura maxima,16,36.89,39.33,36.006,1.53,38.3,39.45,40.55,41.98,39.38,41.17,9.3,0.886,0.4056,False,42.02,43.7,1.47,1.0,42.59468,-7.192392
19031,COLES,Ourense,403.0,temperatura maxima,15,37.74,40.06,37.049,1.204,38.86,39.76,40.63,41.75,39.57,41.1,12.7,0.684,0.4407,False,41.57,42.87,0.94,1.0,42.42953,-7.836478
19027,XINZO DE LIMIA,Ourense,616.0,temperatura maxima,16,37.33,40.08,36.511,1.422,38.64,39.71,40.74,42.06,39.47,41.4,12.8,0.566,0.5556,False,41.62,42.7,0.88,0.999,42.101776,-7.717683
19021,CHANTADA,Lugo,391.0,temperatura maxima,15,37.09,40.03,36.196,1.542,38.51,39.67,40.78,42.21,39.32,41.57,12.5,0.348,0.7386,False,41.28,41.94,0.5,0.991,42.614433,-7.718322
19024,ANTAS DE ULLA,Lugo,647.0,temperatura maxima,15,37.03,39.48,36.116,1.584,38.49,39.68,40.82,42.3,39.64,41.27,8.9,-0.084,0.9372,False,41.21,41.05,0.39,0.979,42.72039,-7.831607
19033,CASTRO CALDELAS,Ourense,469.0,temperatura maxima,15,37.51,40.94,36.701,1.395,38.79,39.84,40.84,42.14,39.31,42.05,21.4,-0.35,0.7394,False,40.91,40.25,0.07,0.668,42.38756,-7.431971
10156,PONTEVEDRA,Pontevedra,20.0,temperatura maxima,10,37.68,40.12,36.897,1.355,38.93,39.95,40.92,42.19,39.18,41.63,11.3,-2.601,0.1029,False,39.02,34.08,-1.9,0.091,42.425896,-8.643984
19047,O ROSAL,Pontevedra,47.0,temperatura maxima,16,37.06,41.52,36.097,1.66,38.59,39.83,41.03,42.58,39.18,42.37,26.7,1.637,0.1336,False,42.76,45.87,1.73,1.0,41.938732,-8.789739
19056,MEIS,Pontevedra,52.0,temperatura maxima,15,37.19,40.07,36.236,1.66,38.73,39.97,41.17,42.71,39.61,42.08,10.6,2.445,0.0671,False,43.91,48.55,2.74,1.0,42.53713,-8.716114
10053,LUGO,Lugo,400.0,temperatura maxima,16,37.24,40.62,36.273,1.673,38.78,40.04,41.24,42.8,39.5,42.14,13.9,1.63,0.0446,True,42.0,45.09,0.76,1.0,42.992695,-7.546897
19020,SARRIA,Lugo,416.0,temperatura maxima,15,38.25,40.81,37.526,1.262,39.42,40.37,41.27,42.45,40.2,42.06,14.0,-0.094,0.9323,False,42.04,41.86,0.77,0.956,42.79668,-7.381559
10058,VERÍN,Ourense,546.0,temperatura maxima,16,38.31,41.46,37.598,1.24,39.46,40.39,41.28,42.44,39.93,42.35,23.0,1.755,0.0021,True,41.92,45.26,0.64,1.0,41.97433,-7.398772
10108,PORTOMARÍN,Lugo,447.0,temperatura maxima,16,37.65,41.09,36.768,1.521,39.05,40.19,41.29,42.7,39.91,42.15,17.6,1.012,0.2333,False,42.33,44.25,1.04,1.0,42.813114,-7.620155
10099,BÓVEDA,Lugo,432.0,temperatura maxima,16,38.42,40.99,37.713,1.219,39.54,40.46,41.33,42.47,40.33,41.98,15.2,0.228,0.7463,False,41.75,42.18,0.42,0.974,42.64761,-7.476274
10154,REDONDELA,Pontevedra,260.0,temperatura maxima,16,37.24,40.98,36.144,1.897,38.99,40.41,41.78,43.55,40.14,42.91,13.3,1.576,0.1871,False,43.72,46.72,1.94,1.0,42.3207,-8.601872
19074,SOBER,Lugo,319.0,temperatura maxima,11,39.09,40.61,38.436,1.138,40.14,41.0,41.82,42.88,40.83,42.14,7.3,0.498,0.7675,False,42.91,43.86,1.09,1.0,42.411137,-7.634422
10500,VERÍN,Ourense,392.0,temperatura maxima,16,39.5,42.16,38.912,1.021,40.44,41.21,41.94,42.9,40.8,42.79,24.6,0.856,0.144,False,42.46,44.09,0.52,1.0,41.95301,-7.439182
10114,RUBIÁ,Ourense,577.0,temperatura maxima,16,39.04,41.39,38.296,1.289,40.23,41.2,42.12,43.33,40.98,42.78,11.5,1.732,0.0176,True,43.19,46.48,1.07,1.0,42.46311,-6.929479
19057,SALVATERRA DE MIÑO,Pontevedra,150.0,temperatura maxima,15,38.62,41.11,37.773,1.464,39.97,41.07,42.12,43.49,40.97,42.64,10.3,2.362,0.0168,True,43.77,48.25,1.65,1.0,42.11854,-8.442646
19030,LAROUCO,Ourense,522.0,temperatura maxima,15,38.89,42.08,38.037,1.479,40.26,41.37,42.43,43.81,40.76,43.38,15.9,1.7,0.052,False,43.38,46.61,0.95,1.0,42.346,-7.153
19038,LAZA,Ourense,575.0,temperatura maxima,15,38.88,41.99,38.018,1.495,40.26,41.38,42.46,43.85,40.79,43.53,14.8,2.266,0.0149,True,43.94,48.24,1.48,1.0,42.067226,-7.472491
19045,PONTEAREAS,Pontevedra,41.0,temperatura maxima,16,38.35,41.9,37.352,1.721,39.93,41.22,42.46,44.07,40.97,43.45,14.6,2.234,0.0308,True,44.16,48.4,1.7,1.0,42.180405,-8.524929
19032,CASTRELO DE MIÑO,Ourense,122.0,temperatura maxima,14,39.8,42.52,39.117,1.19,40.9,41.79,42.65,43.76,41.49,43.43,18.0,0.848,0.3343,False,43.31,44.92,0.66,1.0,42.31235,-8.066759
19054,SALCEDA DE CASELAS,Pontevedra,92.0,temperatura maxima,16,38.89,42.36,37.972,1.586,40.35,41.54,42.68,44.16,41.22,43.61,16.4,1.369,0.2089,False,44.22,46.82,1.54,1.0,42.069332,-8.562408
19048,ARBO,Pontevedra,187.0,temperatura maxima,16,39.18,43.66,38.228,1.652,40.71,41.95,43.13,44.67,41.02,44.59,27.3,1.371,0.076,False,43.56,46.16,0.43,1.0,42.134094,-8.263586
19073,VILAMARTÍN DE VALDEORRAS,Ourense,408.0,temperatura maxima,12,40.88,43.13,40.267,1.066,41.87,42.67,43.43,44.43,42.02,44.3,15.2,1.587,0.0569,False,44.02,47.04,0.59,1.0,42.420258,-7.02708
19022,PANTÓN,Lugo,340.0,temperatura maxima,15,40.44,43.09,39.685,1.304,41.64,42.62,43.56,44.77,42.2,44.35,14.1,-1.406,0.238,False,43.22,40.55,-0.34,0.457,42.53537,-7.70489
19044,A ARNOIA,Ourense,120.0,temperatura maxima,15,41.53,43.7,40.993,0.93,42.39,43.09,43.76,44.62,42.88,44.32,18.9,0.205,0.7743,False,44.14,44.53,0.38,0.961,42.23986,-8.130865
10155,OURENSE,Ourense,139.0,temperatura maxima,11,40.66,44.0,39.82,1.448,41.99,43.08,44.12,45.47,42.22,45.45,18.5,1.476,0.3651,False,44.9,47.7,0.78,1.0,42.353004,-7.877898
19023,RIBAS DE SIL,Lugo,257.0,temperatura maxima,15,40.45,43.32,39.552,1.557,41.89,43.06,44.18,45.63,42.71,44.99,11.8,-0.147,0.904,False,44.66,44.38,0.48,0.946,42.463108,-7.287173
19026,LEIRO,Ourense,105.0,temperatura maxima,16,41.4,44.24,40.696,1.216,42.52,43.43,44.31,45.44,43.15,45.14,18.9,0.593,0.4117,False,45.19,46.32,0.88,0.998,42.359207,-8.118451
10148,OURENSE,Ourense,143.0,temperatura maxima,14,41.31,44.0,40.572,1.273,42.48,43.44,44.35,45.54,43.16,45.14,15.3,1.723,0.1151,False,45.83,49.1,1.48,1.0,42.343487,-7.848846
