lat,lon,d_tx30_pend_decada,d_tx30_salto_21_25,d_tx32_pend_decada,d_tx32_salto_21_25,tx_p99_pend_decada,tx_p99_salto_21_25,tx_verano_pend_decada,tx_verano_salto_21_25,noches_trop_pend_decada,noches_trop_salto_21_25,at_p99_pend_decada,at_p99_salto_21_25
43.7,-8.0,0.5714285714285752,0.7000000000000001,0.0,0.0,0.43827159064153154,0.6061410903930664,0.8469670159476059,0.5837036132812514,1.3214285714285636,0.7999999999999999,1.1136801430730174,1.2439485204776695
43.7,-7.9,0.49999999999999933,0.20000000000000007,0.14285714285714404,0.2,0.517346790858637,0.8331737518310547,0.8686407634190053,0.5906486511230469,1.071428571428559,0.8,1.3110090626224262,1.4158064651104496
43.7,-7.8,0.49999999999999933,0.20000000000000007,0.14285714285714404,0.2,0.4590548106601872,0.7870651245117166,0.8077798570905347,0.5454917907714858,0.5714285714285551,0.10000000000000009,0.9899408008926869,1.2043130468573153
43.7,-7.6,0.35714285714283267,0.5,0.25000000000000183,0.4,-0.15792458398002282,0.1277585983276346,0.6166538511003773,0.4069667816162088,0.42857142857144315,0.0,0.7085383631663329,0.7361671431795855
43.7,-7.5,0.46428571428569254,0.7,0.10714285714285784,0.2,-0.3039537838527109,0.022103118896485086,0.5517437798636342,0.3646514892578132,0.6071428571428571,0.10000000000000009,0.471486468894117,0.6141890665550207
43.7,-7.4,0.46428571428569254,0.7,0.10714285714285784,0.2,-0.43713985170636005,-0.08604221343994212,0.527551378522609,0.34902935028076243,0.6071428571428571,0.10000000000000009,0.4336564712829729,0.6252343435339682
43.6,-8.2,-0.03571428571428693,-0.1,0.0,0.0,0.5587907518658988,0.5327550888061516,0.794972283499572,0.5454046249389641,1.7142857142857122,1.6,1.2518596960785855,1.264704847581605
43.6,-8.1,0.2500000000000011,0.30000000000000004,0.0,0.0,0.6631116867064994,0.5925048828125021,0.9938801356724201,0.716734695434571,1.8928571428571277,2.0,1.7298161195673605,1.700478038869722
43.6,-8.0,0.6428571428571471,0.6000000000000001,0.0,0.0,0.8133913448878151,0.7665349960327141,1.1422334398541956,0.8318586349487305,1.3571428571428377,1.5,2.175504132439956,2.118282000230991
43.6,-7.9,0.7142857142857177,0.7,0.14285714285714404,0.2,0.7145741326467813,0.7241081237792955,1.0115095547267228,0.6893640518188491,0.678571428571419,0.8,1.7244254542231476,1.727542128919545
43.6,-7.8,0.9285714285714171,0.7,0.14285714285714404,0.2,0.6160180228096591,0.7472150802612312,0.9105740955897589,0.5986808776855455,0.3214285714285742,0.4,1.4021860490188718,1.4110863742077981
43.6,-7.7,0.9999999999999729,0.5,0.14285714285714404,0.2,0.45497342518394,0.6141187667846708,0.8253429276602476,0.5372154235839837,0.1785714285714302,0.2,1.2291341323139273,1.1534597816134067
43.6,-7.6,0.4999999999999613,0.3999999999999999,0.14285714285714404,0.2,0.16283178329465145,0.32089080810546733,0.7796720777239066,0.5079103469848647,0.1785714285714302,0.2,0.7120456987590857,0.6718868628048078
43.6,-7.5,0.42857142857138936,0.5,0.0,0.0,-0.19166823795865193,0.025789833068849077,0.6847808020455476,0.43602046966552876,-2.209541726135048e-15,-0.3,0.5911844110557429,0.5139797712683034
43.6,-7.4,0.46428571428569404,0.6,0.0,0.0,-0.426559107644218,-0.2125555038452127,0.5191403797694673,0.31107120513916087,0.17857142857142794,-0.09999999999999998,0.27395307565277244,0.24575987193391668
43.6,-7.3,0.32142857142857206,0.39999999999999997,0.0,0.0,-0.6306807654244455,-0.47829723358154297,0.32865176882063835,0.16433048248291016,-0.07142857142853405,-0.5,-0.2442891346044882,-0.11061522925763256
43.5,-8.2,0.7499999999999891,0.5,0.0,0.0,0.5078486033847877,0.5509752273559556,0.8013757978166745,0.5475193023681619,2.071428571428519,2.1,1.4909816076855253,1.3977968117552884
43.5,-8.1,1.0357142857142771,0.8999999999999999,0.0,0.0,0.8933512142725826,0.7555233001708999,1.032529762813005,0.7338125228881829,1.107142857142836,1.0999999999999999,1.7990415863186136,1.6686404459804507
43.5,-8.0,0.8214285714285442,0.5,-0.03571428571428693,-0.1,0.9563236917767628,0.6754430770874009,1.078081948416553,0.7431236267089822,0.4642857142857183,0.6,1.5490368834088888,1.3673826458924516
43.5,-7.9,1.107142857142816,0.7999999999999999,0.2857142857142873,0.30000000000000004,0.7530597959245373,0.454547500610353,1.0527581487382929,0.6976724624633803,0.4642857142857183,0.6,1.3077418305603803,1.0532274920090678
43.5,-7.8,1.1785714285713875,0.7,0.2142857142857143,0.2,0.6245920998709056,0.45163459777832315,1.0124617985316455,0.6551383972167955,0.0,0.0,1.3528494812163476,1.0008876936849447
43.5,-7.7,0.8214285714285221,0.5,0.4642857142857183,0.6,0.62120812279833,0.5519847869873047,0.9655263083321513,0.6173049926757805,0.0,0.0,1.5148901162116934,1.1145538793238927
43.5,-7.6,0.6428571428571082,0.4,0.7142857142857053,0.8,0.5843995639255627,0.490734481811522,0.9359107017516919,0.5963088989257805,0.0,0.0,1.239795569507651,0.8787015456263916
43.5,-7.5,0.6071428571428221,0.4,0.7142857142857053,0.8,0.19355705806183648,0.14972991943359304,0.7887781006949203,0.4803182601928704,0.0,0.0,0.9134751361225664,0.555566906676237
43.5,-7.4,0.4642857142856763,0.6,0.1785714285714302,0.2,-0.4365765707833614,-0.37172260284423686,0.5391696521214092,0.28142318725585724,0.0,0.0,0.487350138386661,0.19195553582844127
43.5,-7.3,0.42857142857138936,0.5,0.1785714285714302,0.2,-0.5227244922093135,-0.40480747222900604,0.48404237202236666,0.27355537414550923,0.17857142857142794,-0.09999999999999998,0.4005980195992631,0.19638707889979656
43.5,-7.2,0.892857142857115,0.8999999999999999,0.1785714285714302,0.2,-0.3120903287615146,-0.12006893157959198,0.5873357227870469,0.39393539428710866,-0.10714285714283207,-0.3,0.6603602070471244,0.47149521414410245
43.5,-7.1,1.0714285714285452,1.1,0.1785714285714302,0.2,-0.10502079554967658,0.017049980163573508,0.6845671789986814,0.4797103881835909,0.17857142857142794,-0.09999999999999998,1.0007178322918415,0.6559521023478041
43.4,-8.3,0.3928571428571368,0.20000000000000018,0.49999999999997885,0.4,0.362756388527956,0.4246456146240227,0.7110688345772764,0.46773433685302734,2.0714285714285285,1.8,1.3112696664715218,1.0357533498656437
43.4,-8.2,0.03571428571428951,-0.20000000000000018,0.21428571428569082,0.0,0.297750745500785,0.3174896240234375,0.7135789734976499,0.4531749725341818,1.5714285714285117,1.3000000000000003,1.2595798494998853,0.9329316290900564
43.4,-8.1,1.1785714285714084,0.8,0.2142857142856995,0.0,0.7229198047092373,0.4765008926391623,0.8477324077061041,0.5424966812133789,0.8571428571428495,1.0,1.5305426800569235,1.0397315319757432
43.4,-8.0,1.178571428571395,1.1,0.5357142857142737,0.39999999999999997,0.9801501546586622,0.5936920166015653,0.9980451720101233,0.6422704696655259,0.2857142857142881,0.4,1.7318278590679843,1.1546073979820903
43.4,-7.9,1.0714285714285143,0.8,0.6428571428571151,0.5,0.9580813135418998,0.5433084487915032,1.0922416959489807,0.7046043395996087,0.2857142857142881,0.4,1.7973787065260873,1.1162524828066296
43.4,-7.8,1.2499999999999325,0.6000000000000001,0.7857142857142596,0.7,0.7643284797667961,0.4818357467651353,1.1139442580086607,0.7172986984252923,0.14285714285714404,0.2,1.8273272362931225,1.1409986271846577
43.4,-7.7,0.9642857142856464,0.40000000000000013,0.6071428571428454,0.6000000000000001,0.64703430448255,0.457105064392092,1.061297961643745,0.6789834976196296,0.0,0.0,1.5732499152443915,1.0143514987323385
43.4,-7.6,0.6428571428570666,0.19999999999999996,0.6071428571428454,0.6000000000000001,0.6929746355328863,0.43979930877685547,1.0401278904505964,0.666636657714843,0.0,0.0,1.4343991296885785,0.8872593903214785
43.4,-7.5,0.9642857142856258,0.6000000000000001,0.8214285714285462,0.8,0.5422944341386615,0.35140571594238423,0.9842959812709113,0.6337976455688477,0.0,0.0,1.3025961080400452,0.7842973804301678
43.4,-7.4,0.24999999999996003,0.10000000000000009,0.571428571428538,0.7,0.4576300893510693,0.3184268951416023,0.9020282881600443,0.5844526290893555,0.0,0.0,1.2668145380293647,0.8395014608927838
43.4,-7.3,0.32142857142854503,0.30000000000000027,0.5357142857142503,0.5,0.3539742061069654,0.2181274414062493,0.8187638691493426,0.5433712005615234,0.0,0.0,1.275371399301572,0.8193617934906428
43.4,-7.2,0.6071428571428208,0.5000000000000002,0.9285714285714063,1.0,0.25138882228303094,0.129205513000489,0.8040550095694419,0.5490905761718743,-0.03571428571428693,-0.1,1.4557869065337934,0.978982220291229
43.3,-8.9,0.0,0.0,0.0,0.0,0.4148600442068522,0.6088863372802749,0.7627377510070672,0.5774003982543974,0.6428571428571478,0.7000000000000001,0.5203180235855007,0.5764260924596911
43.3,-8.7,0.0,0.0,0.0,0.0,0.5709025519234303,0.7203783035278342,0.840175696781694,0.648588943481446,0.3928571428571451,0.5,0.5848433240741774,0.6286189344539217
43.3,-8.6,0.03571428571428477,-0.2,0.0,0.0,0.9287013326371876,0.9793163299560526,0.8775133405412793,0.6698839187622063,0.2857142857142881,0.4,1.2414553324651183,1.217252746854637
43.3,-8.5,0.9285714285714203,0.8,0.0,0.0,1.1728916168212296,1.1587919235229514,0.934238433837872,0.7055610656738303,0.4642857142857183,0.6,1.762428517951077,1.6611319133595508
43.3,-8.4,1.428571428571429,1.4000000000000001,0.4285714285714159,0.2,1.2168440137590033,1.1473894119262695,0.9539925711495354,0.7057691574096694,0.7142857142857049,0.7000000000000001,2.0394178795673095,1.8072620462033626
43.3,-8.3,0.1071428571428596,0.10000000000000009,0.9642857142856996,0.9999999999999999,0.7389855384826056,0.679133415222168,0.8481269563947254,0.588074874877929,0.9285714285714052,0.8,1.5920386458928126,1.2897907259025914
43.3,-8.2,-0.5357142857143207,-0.5,0.9285714285714096,0.8,0.45563255037574185,0.3760160446166978,0.8111374037606203,0.5284263610839837,0.9285714285713835,0.8999999999999999,1.3355735630820453,0.8556732800556901
43.3,-8.1,0.14285714285711032,-0.19999999999999973,0.8214285714285599,0.7999999999999999,0.5982823371886645,0.3184978485107415,0.9128178187778779,0.5843215942382791,0.678571428571419,0.8,1.5121464592719067,0.8689991230553211
43.3,-8.0,1.2142857142856704,0.7999999999999998,0.39285714285712736,0.19999999999999996,0.9632985932485771,0.5425870895385749,1.0606183324541087,0.6845853805541999,0.2857142857142881,0.4,1.6544650399996121,0.9916188764820291
43.3,-7.9,1.428571428571368,0.6000000000000001,0.7857142857142585,0.6,1.1268933159963888,0.7017112731933572,1.1643456050327519,0.7619459152221673,0.2857142857142881,0.4,1.7535834750294979,1.101097627815772
43.3,-7.8,1.2142857142856447,0.6000000000000001,0.9999999999999741,0.7,1.080484390258732,0.7669170379638679,1.1684953825814068,0.7690034866333022,0.14285714285714404,0.2,1.8128173453401895,1.0995214574539247
43.3,-7.7,0.8928571428570469,0.6000000000000001,0.8214285714285234,0.7,0.8162329537527312,0.5751895904541016,1.115451131548177,0.7380817413330085,0.14285714285714404,0.2,1.8495167209335992,1.1326568535542343
43.3,-7.6,1.714285714285633,1.7000000000000002,1.0714285714285088,0.7,0.9092084339686233,0.5963743209838874,1.0772354262215527,0.7166862487792969,0.14285714285714404,0.2,1.6333411088873278,0.9930029656986434
43.3,-7.5,1.678571428571375,1.7000000000000002,1.0714285714285088,0.7,0.9104571342467658,0.5738473892211928,1.0130455834524825,0.674090957641603,0.0,0.0,1.4264262511366212,0.8667625062917104
43.3,-7.4,1.4999999999999187,1.2000000000000002,0.8214285714285234,0.7,0.8702966826302018,0.5803375244140625,0.9473356519426469,0.6216215133666978,0.0,0.0,1.2349263765649643,0.7670549833562283
43.3,-7.3,1.3571428571427935,1.2000000000000002,0.8928571428571179,0.7,0.8357569149561723,0.609383201599119,0.9491223607744386,0.638209342956543,0.0,0.0,1.297538483732197,0.8667161581275415
43.3,-7.2,0.8214285714285072,0.6000000000000001,0.8214285714285462,0.8,0.8487628528049523,0.6302783966064425,0.9761428833007666,0.6694213867187493,0.0,0.0,1.4176966549309342,0.9781797811438935
43.3,-7.1,0.6785714285713805,0.6000000000000001,0.9285714285714063,1.0,0.9089830262319855,0.6488515853881829,1.0657093865530698,0.7560394287109382,0.0,0.0,1.7081225394717583,1.278573389841803
43.2,-9.0,0.0,0.0,0.0,0.0,0.2129406247819805,0.36903953552246094,0.7498102188110218,0.5344007492065437,0.6785714285714186,0.7000000000000001,0.2916195922526143,0.568086638088861
43.2,-8.9,0.0,0.0,0.0,0.0,0.4515171732220857,0.5508062362670927,0.8273273876734961,0.6109889984130845,0.4642857142857176,0.5,0.21833016137748207,0.4992168288702672
43.2,-8.8,0.7857142857142919,0.9,0.0,0.0,0.6764027050562692,0.7080270767211942,0.9141484669276444,0.690254783630369,0.4642857142857176,0.5,0.26298736879516,0.4942794999419391
43.2,-8.7,1.1071428571428497,0.8999999999999999,0.0,0.0,0.9271727289471641,0.9110334396362312,0.9941643306186999,0.7596326828002944,0.4642857142857183,0.6,0.5936100100757503,0.6991510021672234
43.2,-8.6,1.2499999999999936,1.0999999999999999,0.0,0.0,1.2784865243093604,1.2057929992675795,1.054562773023309,0.8023689270019503,0.2857142857142881,0.4,1.242912883525388,1.1672938072241656
43.2,-8.5,1.214285714285714,1.0,1.035714285714279,1.0999999999999999,1.367198126656597,1.1778873443603537,1.0990365573337824,0.8177310943603509,0.2857142857142881,0.4,1.6619059684064064,1.428661963156209
43.2,-8.4,0.6071428571428388,0.5999999999999999,1.178571428571422,1.2,1.1011902264185671,0.8877233505249045,1.055690765380833,0.7584863662719741,0.4642857142857183,0.6,1.655757162292624,1.3551891418518913
43.2,-8.3,0.6785714285713439,0.3999999999999999,0.9999999999999967,0.7000000000000001,0.8055730547223106,0.584510231018065,0.9908165931701417,0.6826396942138686,0.4642857142857183,0.6,1.6339252060920328,1.2671994923286753
43.2,-8.2,0.4999999999998984,0.2999999999999998,0.821428571428563,0.30000000000000004,0.7603556088038235,0.4862390518188491,0.9946539742605756,0.6651496887207031,0.4642857142857183,0.6,1.736692400576628,1.3134756536104248
43.2,-8.1,0.428571428571343,0.10000000000000009,0.9285714285714093,0.8,1.0000031335012647,0.6584083557128899,1.1136356081281098,0.7414028167724602,0.2857142857142881,0.4,1.7865838944090797,1.3038686384985212
43.2,-8.0,1.3928571428570788,0.3999999999999999,1.249999999999976,1.1,1.1227663585117156,0.7968088150024393,1.2187420981270594,0.8121143341064467,0.2857142857142881,0.4,1.8142240095533788,1.300706201708298
43.2,-7.9,0.9999999999999412,0.10000000000000009,1.392857142857121,1.4,1.266549723488868,0.8527002334594727,1.2865848541259404,0.860135650634767,0.2857142857142881,0.4,1.795337235825312,1.279374498378239
43.2,-7.8,1.3214285714284597,0.6000000000000001,1.285714285714263,1.1,1.3607063293456343,0.919230651855468,1.2971854891095522,0.8796852111816413,0.2857142857142881,0.4,1.9577362935076934,1.3702317431881923
43.2,-7.7,2.142857142857062,1.6999999999999997,1.607142857142798,1.1,1.291422094617511,0.8947038650512695,1.2231441906520018,0.8359325408935554,0.14285714285714404,0.2,1.885390587750687,1.204436311297684
43.2,-7.6,2.3214285714285037,2.1000000000000005,1.285714285714217,0.8999999999999999,1.1874542917523436,0.8483463287353494,1.1623691150120095,0.7997531890869141,0.14285714285714404,0.2,1.9137910136858893,1.1668014480300322
43.2,-7.5,2.357142857142793,2.2,1.4642857142856338,1.1,1.0541305541991597,0.706584167480468,1.1310006550379939,0.7827552795410178,0.14285714285714404,0.2,1.9642859840664373,1.246894556931423
43.2,-7.4,2.464285714285628,2.3,1.714285714285644,1.4,1.1151313100541673,0.7685222625732422,1.1422684533255212,0.7930011749267578,0.14285714285714404,0.2,1.883893361622628,1.20387320465154
43.2,-7.3,2.1071428571427537,1.5999999999999996,1.749999999999936,1.4,1.2810863086154796,0.9143070220947251,1.142433098384292,0.7853397369384751,0.14285714285714404,0.2,1.941544896811427,1.3154702740129771
43.2,-7.2,2.3928571428570473,1.9000000000000001,1.4999999999999494,1.2000000000000002,1.4070276532853565,1.0246519088745139,1.1837299891880377,0.8258306503295891,0.0,0.0,2.1255660688278164,1.5437757938777814
43.2,-7.1,2.1071428571427724,1.7000000000000002,1.4999999999999494,1.2000000000000002,1.4730493000574676,1.116902160644532,1.263980797358899,0.9097345352172859,0.0,0.0,2.2764971055785987,1.7378450695773964
43.2,-7.0,2.392857142857046,1.9999999999999998,1.6428571428570937,1.4,1.6265643664767904,1.2535429000854492,1.337689127240834,0.9811569213867166,0.0,0.0,2.43200127383815,1.9165825883877972
43.1,-9.2,0.0,0.0,0.0,0.0,0.8429535457065791,0.9827804565429688,0.932193006787964,0.7303112030029304,0.678571428571419,0.8,0.6296289623278118,0.924192862900405
43.1,-9.1,0.0,0.0,0.0,0.0,0.5997275624955967,0.7247598648071261,0.8883986473083272,0.66095676422119,0.6785714285714186,0.7000000000000001,0.347278442916799,0.5088968499812907
43.1,-9.0,0.9285714285714137,1.0999999999999999,0.0,0.0,0.4603437696184002,0.5452947616577148,0.9300557545252983,0.6670146942138686,0.9285714285714057,0.9,0.29699893706729846,0.259065303829896
43.1,-8.9,0.8214285714285675,1.0,0.0,0.0,0.6045180729456725,0.6238248825073249,0.9716121809822893,0.6996793746948242,0.4642857142857176,0.5,0.3395310365345572,0.22374607434898763
43.1,-8.8,0.5714285714285599,0.40000000000000013,0.6428571428571483,0.8,0.835693018776972,0.7545011520385749,1.0316236359732227,0.754131507873538,0.4642857142857176,0.5,0.5320114599947365,0.39109950721005404
43.1,-8.7,0.285714285714281,0.30000000000000004,1.178571428571422,1.2,0.9727210317338554,0.829830360412597,1.083572660173653,0.8003086090087876,0.4642857142857176,0.5,0.7617504249843394,0.5641289526605462
43.1,-8.6,-0.17857142857144626,0.0,1.178571428571422,1.2,0.989823068891186,0.7636516571044929,1.0499932425362415,0.7595994949340827,0.14285714285714404,0.2,0.8454349358233465,0.5380600897208865
43.1,-8.5,-0.035714285714310436,-0.10000000000000009,1.178571428571422,1.2,0.9594893455504726,0.674517250061033,1.0399273463657641,0.7305564880371094,0.14285714285714404,0.2,1.0976799970977267,0.7106985249751467
43.1,-8.4,0.2499999999999422,-0.19999999999999973,0.8214285714285521,1.0,0.8462659972053956,0.5250032424926765,1.00297512326919,0.6793340682983384,0.2857142857142881,0.4,1.2706428307010418,0.911105531517812
43.1,-8.3,0.6071428571427433,0.5,0.6785714285714163,0.40000000000000013,0.9686153956821343,0.5775753021240213,1.0844582148960333,0.7378215789794922,0.2857142857142881,0.4,1.6005578231063056,1.2385071853349814
43.1,-8.2,1.0714285714284473,0.5999999999999996,0.8571428571428629,0.40000000000000013,1.1624062401907078,0.6766204833984375,1.1410380772181579,0.7676502227783217,0.2857142857142881,0.4,1.7865923901679275,1.4112406293907256
43.1,-8.1,1.499999999999857,0.9000000000000004,1.3214285714285625,1.2000000000000002,1.3430219377789452,0.8970329284667962,1.2494376727512506,0.8431297302246108,0.2857142857142881,0.4,1.858368715274713,1.4131844292550575
43.1,-8.0,2.39285714285704,1.1999999999999997,1.5714285714285499,1.4,1.329423155103332,0.9571323394775391,1.2871409143719923,0.8577064514160178,0.14285714285714404,0.2,1.855977883392737,1.3860793810332162
43.1,-7.9,3.1428571428570033,1.7000000000000002,1.5714285714285499,1.4,1.4694766998290274,1.1044118881225593,1.3927942684718186,0.9431293487548835,0.14285714285714404,0.2,2.1228334794240666,1.628376805450376
43.1,-7.8,2.9285714285712583,1.9,1.642857142857121,1.3,1.592382294791005,1.2101825714111314,1.4232561247689004,0.986848068237304,0.14285714285714404,0.2,2.3111179769052983,1.8063898001152374
43.1,-7.7,2.964285714285555,2.1999999999999997,1.6785714285713846,1.2000000000000002,1.6552886281693873,1.222690010070803,1.3892250742230792,0.9771062850952141,0.14285714285714404,0.2,2.293951683743025,1.7589708267395139
43.1,-7.6,2.3928571428570335,1.7999999999999998,2.392857142857075,1.7999999999999998,1.6112278529575144,1.191679763793946,1.3198161806378716,0.931434059143065,0.14285714285714404,0.2,2.1796711714588444,1.572768581799334
43.1,-7.5,2.7499999999998876,2.3999999999999995,2.1071428571427804,1.6999999999999997,1.4191831861222801,1.019735717773436,1.2618704523358715,0.8917072296142585,0.14285714285714404,0.2,2.0407398069420974,1.4337372619080249
43.1,-7.4,2.035714285714213,1.3999999999999995,1.8571428571427875,1.6,1.5214222499301728,1.0908466339111307,1.3415534836905028,0.9582662582397461,0.14285714285714404,0.2,2.1596810639863113,1.5663532207813802
43.1,-7.3,2.2857142857141772,1.8000000000000003,1.7499999999999516,1.3,1.6155832154409457,1.2017509460449212,1.38250221524916,0.986778831481935,0.14285714285714404,0.2,2.264659622991858,1.787026967384758
43.1,-7.2,2.6071428571427613,2.0,1.7499999999999516,1.3,1.7670515605380737,1.3771965026855462,1.4458861351012808,1.0458665847778335,0.14285714285714404,0.2,2.4330602949184934,2.038276916891416
43.1,-7.1,1.8571428571427693,1.5000000000000004,2.1428571428570615,1.7999999999999998,1.6053357805523694,1.229299926757811,1.34800543103896,0.9670633316040025,0.14285714285714404,0.2,2.34520977848674,1.9631025025265423
43.1,-7.0,3.5357142857141293,2.6999999999999997,2.3214285714284824,2.3000000000000003,1.5007470675876367,1.172762298583983,1.3042755808148765,0.9393753051757798,0.6428571428571179,0.6,2.3315660047936895,1.9954945174310694
43.1,-6.9,3.892857142856967,3.2,2.4999999999998943,2.4000000000000004,1.578612123216816,1.2728067398071303,1.3333142144339096,0.9647539138793952,0.8928571428571057,0.8,2.361850881082633,2.0761893353405156
43.0,-9.2,0.0,0.0,0.0,0.0,0.9858136858258483,1.061407279968261,1.1315661839076185,0.9014411926269545,0.6785714285714186,0.7000000000000001,0.8149850305434911,1.006414175448647
43.0,-9.1,0.4642857142857183,0.6,0.0,0.0,0.8610274451119054,0.8013732910156257,1.1939725875854155,0.9039989471435561,0.9285714285714057,0.9,1.0617832651554282,0.8970842439815172
43.0,-9.0,0.535714285714262,0.9000000000000001,0.2857142857142881,0.4,0.7005964687891876,0.5314468383789048,1.102151462009943,0.7797262191772454,0.6785714285714186,0.7000000000000001,0.87920721815598,0.5254398043528852
43.0,-8.9,0.6785714285714011,0.7,0.6071428571428625,0.8,0.6742400441850489,0.46314792633056356,1.0875263895306897,0.7525518417358406,0.6785714285714186,0.7000000000000001,0.8796850958126723,0.449686203640038
43.0,-8.8,0.24999999999997513,0.0,0.7500000000000036,0.8999999999999999,0.7825322832379586,0.5063306808471673,1.1349109240940283,0.798758888244631,0.4642857142857176,0.5,0.9999564532786588,0.5587496265453282
43.0,-8.7,-0.2500000000000638,-0.3999999999999999,0.535714285714262,0.9000000000000001,0.8103701727730445,0.522253227233886,1.15514114924836,0.8247850418090792,0.4642857142857176,0.5,0.9552240707185038,0.5310696673126181
43.0,-8.6,-0.5714285714286468,-0.7999999999999998,0.4642857142856888,0.8,0.6259703636169023,0.2993675231933608,1.058648245675187,0.7322649002075181,0.4642857142857183,0.6,0.8830179304995791,0.5096295133081306
43.0,-8.5,-0.7500000000000502,-1.2000000000000002,0.17857142857141436,0.3999999999999999,0.42544037955144304,0.08118705749511435,0.9252268246241684,0.6000560760498068,0.2857142857142881,0.4,0.8772047740421706,0.5289559607507783
43.0,-8.4,-1.2500000000000255,-1.2999999999999998,0.17857142857141436,0.3999999999999999,0.4079640933445147,0.03446407318115163,0.8074994087218936,0.4807332992553697,0.2857142857142881,0.4,0.9302968456979843,0.5949912765353531
43.0,-8.3,0.32142857142848097,0.20000000000000018,0.3571428571428417,0.20000000000000018,0.9318518638610296,0.44409389495849894,1.105443068913014,0.7432291030883782,0.4642857142857183,0.6,1.4799341045303254,1.1281857320145718
43.0,-8.2,0.8214285714284565,0.5,0.8214285714285698,0.7000000000000001,1.1258513586861048,0.5489799499511712,1.1774534497941844,0.7906305313110344,0.2857142857142881,0.4,1.7701667339824634,1.3864007076654232
43.0,-8.1,1.428571428571312,0.7999999999999998,1.3214285714285625,1.2000000000000002,1.2017070906502216,0.677152252197267,1.2143635749816508,0.8062820434570312,0.2857142857142881,0.4,1.870893059504683,1.4716881915508502
43.0,-8.0,2.571428571428411,1.7000000000000002,1.5714285714285499,1.4,1.29664128167281,0.8950717926025362,1.2803919655935692,0.851840782165528,0.2857142857142881,0.4,1.9318423276549814,1.5163975717124956
43.0,-7.9,3.10714285714269,2.1,1.5714285714285499,1.4,1.5349521636962107,1.1947824478149407,1.4618297304425465,1.0090999603271484,0.14285714285714404,0.2,2.303347825836021,1.8117172181227303
43.0,-7.8,4.107142857142654,2.8,1.642857142857121,1.3,1.6803603853497393,1.3601476669311516,1.5188758032662086,1.0734766006469734,0.14285714285714404,0.2,2.381902939833042,1.9117323846581833
43.0,-7.7,4.678571428571231,3.5999999999999996,1.7499999999999571,1.5,1.7070931025912945,1.3970310211181634,1.5023617063249408,1.0759351730346687,0.14285714285714404,0.2,2.424951549499937,1.9602310823589981
43.0,-7.6,4.3214285714283776,3.5,2.428571428571375,1.8,1.7253048079353666,1.3942300796508782,1.4499239921569465,1.048791694641114,0.14285714285714404,0.2,2.3689657334522827,1.842540114445125
43.0,-7.5,4.392857142856986,4.0,2.9285714285713427,2.4,1.6759050914218743,1.346415328979493,1.3526481900896028,0.9771266937255874,0.2857142857142881,0.4,2.2675051749988113,1.7067520526976345
43.0,-7.4,3.607142857142706,2.6,2.321428571428504,1.9,1.7531247820172255,1.426680564880371,1.4856104169572715,1.0905288696289048,0.2857142857142881,0.4,2.536540524272526,1.9900118535212954
43.0,-7.3,3.2857142857141386,2.5,2.357142857142792,2.1999999999999997,1.8823585510253136,1.5624654769897468,1.588068621499155,1.1772523880004897,0.14285714285714404,0.2,2.7177649319385,2.2769008155740558
43.0,-7.2,3.071428571428438,2.4,2.357142857142792,2.1999999999999997,1.8398416382925054,1.5447654724121094,1.5529924801417314,1.1431552886962884,0.14285714285714404,0.2,2.627316813922647,2.2654502483989205
43.0,-7.1,3.321428571428395,2.6999999999999997,2.964285714285623,2.5999999999999996,1.625709397452141,1.3636360168457031,1.4287928172519897,1.0377388000488281,0.6428571428571179,0.6,2.2850162600379553,1.929196038436782
43.0,-7.0,4.1071428571426765,3.8000000000000007,2.5357142857142096,2.4,1.5562800679887234,1.307248687744142,1.43327242987493,1.0479591369628913,1.3928571428570935,1.2999999999999998,2.1377692528360304,1.8220207708038352
42.9,-9.1,1.0714285714285294,1.3,0.42857142857143227,0.6,0.7769061497279052,0.6270366668701151,1.3479404449462449,1.0071641921997099,1.2499999999999778,0.9999999999999999,1.2645664711508222,0.7792353615704712
42.9,-9.0,0.7499999999999696,0.7999999999999998,0.24999999999999759,0.7,0.4353224890572213,0.1860958099365213,1.1604803630283502,0.8008733749389627,0.8214285714285618,0.8,0.8232337529428122,0.34923535354091584
42.9,-8.9,0.4999999999999321,0.10000000000000009,-1.3283207837461152e-14,0.30000000000000004,0.4693546295165505,0.12484226226806427,1.1740406581333258,0.793030929565429,0.6785714285714177,0.6000000000000001,0.7354115103188232,0.38174490463831035
42.9,-8.8,0.3571428571427644,0.2999999999999998,0.7142857142856739,1.0,0.533748967306911,0.18208141326904226,1.1961440358842683,0.8180034637451179,0.6785714285714177,0.6000000000000001,0.8442944160615931,0.5052603514221623
42.9,-8.7,0.9642857142855848,0.6999999999999993,0.4999999999999633,0.3999999999999999,0.5590288298470217,0.16995697021484446,1.1997874804905035,0.8279298782348654,0.6785714285714177,0.6000000000000001,0.9298321758052288,0.5712535152667826
42.9,-8.6,1.3928571428570113,0.8000000000000007,-0.3214285714285983,-0.19999999999999973,0.5203858784266506,0.12004661560058594,1.1798439025878513,0.8114219665527358,0.6785714285714186,0.7000000000000001,0.980431048989434,0.5715941948878829
42.9,-8.5,1.3571428571427244,0.9000000000000004,0.03571428571424816,-0.10000000000000009,0.5426096916198305,0.1582439422607429,1.1470862797328032,0.7804065704345717,0.678571428571419,0.8,1.0904413342315598,0.6815786811581539
42.9,-8.4,1.07142857142846,0.5,0.24999999999997258,0.0,0.5695804187229259,0.22798938751220632,1.111020496913329,0.7455980300903313,0.4642857142857183,0.6,1.2394276654245637,0.8225942224438292
42.9,-8.3,1.3571428571427373,0.7999999999999998,0.24999999999997344,0.10000000000000009,0.8289704322814412,0.4078342437744169,1.2231783185686043,0.8443466186523416,0.7142857142857049,0.7000000000000001,1.6726663510027464,1.2581986486411267
42.9,-8.2,1.4642857142855827,0.7999999999999998,0.7499999999999696,0.5000000000000002,0.9483757019042304,0.4157566070556662,1.2542488915579213,0.8608737945556655,0.4642857142857176,0.5,1.9606653130531349,1.5602465922419135
42.9,-8.1,1.6428571428569811,0.9000000000000004,1.3214285714285348,1.0,1.1772440501621075,0.6521295547485373,1.3153718539646255,0.9068342208862319,0.4642857142857183,0.6,2.1710673700602943,1.7713307763421575
42.9,-8.0,2.642857142856949,1.6999999999999993,2.142857142857101,1.4999999999999998,1.4517851557049688,0.9696775436401381,1.3979553495134223,0.9734878540039062,0.2857142857142881,0.4,2.2446446522063144,1.8269623216609787
42.9,-7.9,3.285714285714069,2.5,2.142857142857088,1.7999999999999998,1.5517506599425506,1.1645998001098619,1.5079050745282423,1.061045837402343,0.14285714285714404,0.2,2.2929438012368393,1.760666853861352
42.9,-7.8,3.4285714285712334,3.0,2.142857142857088,1.7999999999999998,1.664249352046347,1.3199798583984403,1.5279247420174247,1.0861532211303704,0.14285714285714404,0.2,2.418348400873674,1.894170111359184
42.9,-7.7,3.2499999999998126,2.9000000000000004,2.4285714285713587,1.8,1.7117614746092973,1.4023035049438484,1.5090970311845604,1.0856550216674812,0.14285714285714404,0.2,2.5113526625782496,2.0144519395460776
42.9,-7.6,4.035714285714095,3.4000000000000004,3.1785714285713267,2.3,1.7071860177175604,1.4315242767333984,1.4769857951572571,1.0761857986450174,0.2857142857142881,0.4,2.492954787121157,2.0090660384884274
42.9,-7.5,4.60714285714267,4.699999999999999,3.0714285714284446,2.4000000000000004,1.572165489196713,1.344044494628907,1.4085726056779806,1.0295490264892564,0.42857142857143227,0.6,2.43746813404574,1.9278923446349303
42.9,-7.4,4.571428571428401,4.4,3.749999999999895,2.9000000000000004,1.714533805847108,1.4812627792358413,1.5020719936915428,1.1082241058349602,0.42857142857143227,0.6,2.6515185275448054,2.116963513797046
42.9,-7.3,4.178571428571236,3.5999999999999996,3.2499999999999085,2.6999999999999997,1.7736039161681458,1.546003913879396,1.5655884061540413,1.1530967712402322,0.14285714285714404,0.2,2.686884687778427,2.2305665706830453
42.9,-7.2,5.107142857142638,4.1,3.4999999999998965,3.1,1.76813582011624,1.5673103332519531,1.583839620862637,1.161922645568847,0.14285714285714404,0.2,2.496957829568588,2.123937405801353
42.9,-7.1,3.8571428571426507,3.700000000000001,3.7142857142855954,3.1,1.647261142730641,1.4607240676879876,1.5401405606950567,1.1242490768432631,0.39285714285714446,0.39999999999999997,2.2720301735227757,1.8601975524571053
42.9,-7.0,4.749999999999758,4.3,2.821428571428492,2.5,1.6918977328708458,1.4474929809570334,1.5806796210152325,1.1517177581787124,0.5714285714285745,0.6000000000000001,2.068182007405172,1.6737054341909392
42.9,-6.9,4.357142857142665,3.9000000000000004,1.7499999999999667,1.6,1.75304923738745,1.4482221603393555,1.6315047400337797,1.1787260055542,0.5714285714285614,0.6,1.8720493821833784,1.5099721519058882
42.8,-8.9,1.5714285714284015,0.5,0.17857142857139144,0.0,0.42880180903838244,0.13778610229492116,1.1900841167994423,0.7675735473632805,1.4285714285713933,1.3,0.598634162619537,0.3487427464114994
42.8,-8.8,1.357142857142658,0.2999999999999998,0.28571428571426183,0.10000000000000009,0.41742535999837993,0.14213714599609517,1.2172513689313142,0.8092550277709982,0.6785714285714177,0.6000000000000001,0.6304076007356417,0.32629473632863437
42.8,-8.7,2.1785714285712046,0.7999999999999989,-0.8214285714286056,-0.7999999999999998,0.432617051260761,0.08348369598388672,1.2409906387328637,0.8350254058837905,0.8928571428571187,0.8,0.8113945876728524,0.4183310685344388
42.8,-8.6,2.2857142857140724,1.1999999999999993,-0.07142857142862899,0.10000000000000009,0.5470831053597064,0.07509269714355327,1.2772581917898531,0.8691837310791044,0.8928571428571195,0.9,1.081182965694001,0.6576355428872489
42.8,-8.5,2.499999999999793,1.3000000000000007,0.24999999999993294,0.2999999999999998,0.7050296919685956,0.198370170593261,1.2986925670078353,0.8859699249267585,1.1428571428571066,1.0999999999999999,1.2805285242186009,0.830144946134105
42.8,-8.4,2.2499999999997873,1.7000000000000002,0.14285714285708376,0.0,0.8216054098946112,0.35742015838622976,1.3460694721766389,0.9329689025878913,0.7142857142857049,0.7000000000000001,1.5729805605560134,1.1620767287127691
42.8,-8.3,2.7142857142854826,1.5,0.7499999999999224,0.7000000000000002,0.972825390951907,0.5266992568969755,1.3792412621633898,0.9681457519531236,0.9285714285714057,0.9,1.8358487216213275,1.396807755419303
42.8,-8.2,2.964285714285478,2.0,1.678571428571375,1.4000000000000001,1.0851916585649093,0.620269775390625,1.404500143868535,0.9912908554077156,0.4642857142857176,0.5,2.027914407761121,1.5671898946174139
42.8,-8.1,2.785714285714034,2.3,1.9642857142856496,1.5999999999999999,1.194435323987608,0.6863550186157248,1.426506383078396,1.007198715209963,0.2857142857142881,0.4,2.1345155980485147,1.6582976320338325
42.8,-8.0,2.607142857142621,2.0999999999999996,1.8571428571428088,1.4,1.4278393472943185,0.9262712478637702,1.4401542799812959,1.0114694595336928,0.14285714285714404,0.2,2.1436233315625994,1.6263427167523012
42.8,-7.9,2.892857142856913,2.3000000000000007,2.3571428571428004,1.8000000000000003,1.5730929374694036,1.134543800354006,1.505327360970587,1.0658939361572273,0.14285714285714404,0.2,2.2059066451959923,1.635045743120667
42.8,-7.8,3.607142857142639,2.8,2.4285714285713738,1.9000000000000001,1.6901598657879804,1.3245841979980462,1.5276246752057268,1.0941858291625977,0.14285714285714404,0.2,2.3288628834191853,1.7354537011173612
42.8,-7.7,3.8928571428569376,3.2,2.499999999999946,1.8000000000000003,1.7142064230781948,1.4263557434082017,1.517009939466161,1.0993658065795877,0.14285714285714404,0.2,2.4598370075007367,1.9041989871621183
42.8,-7.6,3.892857142856955,3.500000000000001,3.821428571428428,2.8,1.79592548097876,1.539628028869629,1.5481027194431405,1.1448003768920891,0.2857142857142881,0.4,2.5374770625790215,2.0403737299462286
42.8,-7.5,4.71428571428553,4.6000000000000005,4.107142857142717,3.2,1.7894394057136993,1.5457080841064474,1.5204369000025717,1.1273584365844727,0.42857142857143227,0.6,2.569038817963283,2.0907259257548922
42.8,-7.4,4.8571428571426285,4.1000000000000005,3.892857142857024,3.1999999999999997,1.816552025931157,1.5799962997436516,1.534002167837917,1.1294078826904297,0.2857142857142881,0.4,2.5196975379407007,2.0637523409056016
42.8,-7.3,4.64285714285693,4.2,2.642857142857076,2.1,1.827861104692664,1.5823450088500977,1.5408229146684462,1.1178064346313477,0.14285714285714404,0.2,2.3596641549706927,1.9785672920219888
42.8,-7.2,4.3928571428569505,4.0,3.0357142857142176,2.6,1.8290510177611576,1.568432044982913,1.5631043570381769,1.1198677062988267,0.14285714285714404,0.2,2.1733275732735526,1.7911547725191959
42.8,-7.1,4.6071428571426765,4.2,2.7499999999999454,2.5,1.8494737488882111,1.6020465850830057,1.6427960395812473,1.188644218444825,0.14285714285714404,0.2,2.0846988597117897,1.695756147406243
42.8,-7.0,4.9999999999998055,4.3999999999999995,2.0714285714285428,2.1999999999999997,1.8524077279226372,1.5942369461059585,1.710696084158705,1.2396528244018548,0.24999999999998715,0.2,2.0803046159737,1.6338363558477802
42.8,-6.9,4.285714285714109,3.3,0.9642857142857064,1.0999999999999999,1.7081907136099008,1.414958190917968,1.6413143021719234,1.1604881286621094,0.0,0.0,1.8692610044579692,1.3215327992005896
42.7,-8.9,0.6785714285712676,0.0,0.7142857142856657,0.5,0.26000710896078705,0.04183082580566477,1.0989123071942521,0.682955169677733,0.928571428571397,0.8999999999999999,0.5276460841892773,0.14407494356599315
42.7,-8.8,0.964285714285461,-0.1999999999999993,0.857142857142783,0.7000000000000002,0.3570438112530897,0.0828409194946289,1.2181062698363743,0.7907859802246087,0.7857142857142535,0.7999999999999999,0.6094367190918546,0.18191652665277402
42.7,-8.7,0.2857142857140475,-0.40000000000000036,0.07142857142852084,0.20000000000000018,0.5926083837236057,0.22675609588623047,1.2401794706071627,0.8056268692016602,0.6428571428571097,0.6,0.8025351055283597,0.3070718146544351
42.7,-8.6,1.64285714285686,0.7000000000000011,-0.35714285714291943,-0.40000000000000036,0.6235837255204825,0.17615356445312358,1.268143994467543,0.8258138656616225,0.8928571428570975,0.8999999999999999,1.0197300914386467,0.4591764698927321
42.7,-8.5,2.7499999999997216,1.4000000000000004,0.35714285714278127,0.10000000000000009,0.6975250244139988,0.15926113128662323,1.3458995819091277,0.8899688720703125,1.1428571428571073,1.2,1.2032057935590121,0.5798301127491641
42.7,-8.4,3.464285714285449,2.3,0.46428571428565457,0.3999999999999999,0.8108653341020221,0.27336807250976847,1.4127175467354325,0.9543498992919943,0.9285714285714063,1.0,1.4113055206437393,0.8308434775858373
42.7,-8.3,3.392857142856884,2.499999999999999,1.3214285714285225,1.2000000000000002,0.8782195363725309,0.3655788421630852,1.4345963341848647,0.984839820861815,0.7142857142857053,0.8,1.5678225531978296,0.9850589360317343
42.7,-8.2,3.535714285714053,2.1000000000000005,1.5714285714285279,1.4000000000000001,0.947728361402172,0.5102090835571289,1.4455860682895707,1.0030466079711928,0.2857142857142881,0.4,1.7074444350518587,1.2017224561286284
42.7,-8.1,3.535714285714021,2.6000000000000005,1.5357142857142272,1.2999999999999998,1.0518435750688153,0.6242609024047852,1.4601617540631482,1.0177032470703118,0.2857142857142881,0.4,1.8078302027622948,1.2690446100296064
42.7,-8.0,3.857142857142583,3.0999999999999996,1.785714285714214,1.5,1.3235661642891219,0.8804426193237305,1.4725982121058367,1.0282871246337884,0.14285714285714404,0.2,1.8218333240388076,1.197396822080833
42.7,-7.9,4.285714285714015,3.2,1.9999999999999252,1.8,1.6259111676896507,1.213724136352539,1.5158476829528276,1.077203559875489,0.14285714285714404,0.2,1.9456716375589214,1.3052928173188292
42.7,-7.8,4.035714285714038,2.999999999999999,2.357142857142783,2.2,1.7691322054181033,1.4245393753051765,1.553897176470021,1.12556438446045,0.2857142857142881,0.4,2.1730054340898386,1.5617687948169632
42.7,-7.7,4.999999999999753,4.2,4.071428571428414,3.3000000000000003,1.798483235495353,1.5266317367553697,1.5827471188136013,1.1688634872436516,0.2857142857142881,0.4,2.3019146188782917,1.7350709504703055
42.7,-7.6,4.857142857142624,4.4,4.607142857142671,3.8,1.8364468983240783,1.5960485458374052,1.5886919839041103,1.1868925094604492,0.2857142857142881,0.4,2.337570964287986,1.814853885247203
42.7,-7.5,5.214285714285475,4.499999999999999,4.464285714285566,3.8,1.8463488987513244,1.6306455612182589,1.5995681626455671,1.200321006774903,0.2857142857142881,0.4,2.4152845219617483,1.9731198529597407
42.7,-7.4,4.428571428571194,3.6999999999999993,3.4642857142855914,2.8000000000000003,1.8232195036751215,1.6086811065673814,1.5730878966194792,1.1666925430297859,0.14285714285714404,0.2,2.3544347420322267,1.9333035360055106
42.7,-7.3,4.2142857142855314,3.8,3.2499999999999156,2.5999999999999996,1.7612274714877922,1.5136255264282248,1.5055235454013887,1.0803321838378928,0.14285714285714404,0.2,2.0991355180891786,1.755815712877233
42.7,-7.2,4.821428571428391,4.300000000000001,1.6428571428571246,1.8,1.8937908581324248,1.5941383361816435,1.6318001747130817,1.1744440078735359,0.0,0.0,2.0780531011354206,1.7007578323903516
42.7,-7.1,4.999999999999825,4.300000000000001,1.2857142857142807,1.5,1.9648018564495986,1.6283859252929709,1.7370142936706015,1.2621355056762695,0.0,0.0,2.1972533617864047,1.6975493027567197
42.6,-9.0,0.5714285714284766,-0.09999999999999964,-0.4285714285714417,-0.4,0.08788851329255093,-0.09899330139160156,0.7946984427315452,0.43164005279540874,1.2499999999999356,0.8999999999999999,-0.011134703467001269,-0.07617207547196614
42.6,-8.9,0.21428571428549847,-0.39999999999999947,0.4999999999999161,0.2999999999999998,0.253821100507427,0.10442276000976847,0.9376641682215603,0.5254312515258768,1.107142857142808,0.9,0.2538772410084909,-0.052328724401558446
42.6,-8.8,0.6071428571425569,-0.5,0.6071428571427857,0.5,0.31199823107033553,0.057804107666015625,1.1025481224059503,0.6496738433837876,1.0357142857142407,0.9999999999999999,0.5571391570754437,0.2204896077770897
42.6,-8.7,0.7857142857139964,-0.5,0.3214285714284932,0.40000000000000036,0.3499753815786633,0.06568317413330149,1.102630478995131,0.6460514068603516,1.0357142857142416,1.0999999999999999,0.5780849298589895,0.26331929763522766
42.6,-8.6,1.1428571428568441,-0.10000000000000142,0.5357142857141926,0.40000000000000036,0.435103552682003,0.07955379486083913,1.2104308264595551,0.7376092910766587,1.2499999999999427,1.3,0.780271477232378,0.4190797776704187
42.6,-8.5,3.6428571428568435,2.0999999999999996,1.4285714285713111,1.0,0.7393433025904419,0.29681873321533203,1.4122036525180723,0.917437171936033,1.1428571428571066,1.0999999999999999,1.0730415180936421,0.6568611179610251
42.6,-8.4,3.749999999999727,2.8,1.4999999999999367,1.6,0.9012892586843673,0.4319734573364258,1.4824332509721412,0.9896816253662095,0.749999999999976,0.8,1.2068477933671382,0.8192219335213338
42.6,-8.3,3.357142857142612,2.3,1.2857142857142256,1.2000000000000002,0.9499584606714945,0.48676242828369,1.5070323262895218,1.0234073638916001,0.749999999999976,0.8,1.3185312515102388,0.9494642333026597
42.6,-8.2,3.8571428571426205,2.8,1.3571428571427986,1.3000000000000003,0.9896811757768237,0.575684738159179,1.5136698314121166,1.0405664443969727,0.5357142857142752,0.6,1.4164977372108265,0.9944470134981778
42.6,-8.1,4.321428571428326,2.9000000000000004,1.4999999999999427,1.5,1.142501354217455,0.7804119110107415,1.5317395074026319,1.068849945068358,0.14285714285714404,0.2,1.4641281517457883,1.0223517492782719
42.6,-8.0,4.285714285714043,3.3000000000000003,1.5714285714285143,1.4,1.3050831386020447,0.890618133544919,1.5507102693829604,1.0978631973266602,0.14285714285714404,0.2,1.4761367853862195,1.0270852015366145
42.6,-7.9,4.21428571428546,3.5,2.321428571428489,2.1,1.507173606327519,1.1060506820678704,1.5537786483764084,1.1165197372436495,0.2857142857142881,0.4,1.5863287687744945,1.1493254246119946
42.6,-7.8,5.321428571428313,4.3999999999999995,3.2857142857141506,3.0999999999999996,1.6842931338718161,1.3877145767211907,1.558152198791451,1.1382823944091776,0.2857142857142881,0.4,1.7918256183752235,1.3368969136661697
42.6,-7.7,5.071428571428277,4.199999999999999,4.1428571428569585,3.5999999999999996,1.717251641409662,1.488545417785641,1.5647072110856775,1.1625305175781264,0.2857142857142881,0.4,2.0160123678440383,1.5091945815641736
42.6,-7.6,5.9285714285711695,5.0,3.71428571428551,3.6,1.706314631870741,1.49065456390381,1.5390026909963956,1.149205207824707,0.42857142857143227,0.6,2.011249296024067,1.5646877701580486
42.6,-7.5,6.071428571428301,4.9,3.821428571428365,3.6,1.7394800867352436,1.5330394744873033,1.5781721387590244,1.190690231323245,0.6785714285714193,0.8,2.0499383809364877,1.6250761633567308
42.6,-7.4,5.857142857142557,4.9,3.7857142857141013,3.6,1.7345403943742335,1.5324918746948235,1.6011281013488299,1.208145332336425,0.6428571428571179,0.6,2.1502164949240363,1.7574281624199628
42.6,-7.3,6.214285714285452,5.1,4.357142857142687,3.8,1.777561119624473,1.5704521179199205,1.6248129435947456,1.2196754455566392,0.14285714285714404,0.2,2.1449228458633542,1.788255123383692
42.6,-7.2,5.464285714285447,4.500000000000001,3.642857142857048,3.0999999999999996,1.9619648797170675,1.6554000854492195,1.7410484041485952,1.300119209289548,0.0,0.0,2.248891710557836,1.7980818620582717
42.6,-7.1,4.999999999999812,4.2,2.285714285714243,2.4,1.9625469616480542,1.6221956253051744,1.7995684487478503,1.3336318969726548,0.0,0.0,2.3077147377613585,1.7337400346436418
42.5,-8.7,-0.285714285714484,-0.9000000000000004,-0.10714285714293428,-0.09999999999999987,-0.0009553773062998599,-0.18599567413329865,0.7832345962523923,0.36702117919922017,1.0714285714285077,1.1,0.31294075974768915,0.21590950016363664
42.5,-8.6,-0.357142857143087,-1.1999999999999993,-7.96602957783899e-14,-0.09999999999999964,0.00633519036425154,-0.278840255737304,0.8445509501865455,0.4065296173095696,0.8214285714285409,0.8999999999999999,0.03847816348747307,-0.007041748482130572
42.5,-8.5,3.0357142857139596,1.4000000000000004,1.499999999999899,1.5000000000000002,0.8345506531851032,0.454332733154299,1.3966041973658336,0.9081451416015653,0.9285714285714057,0.9,1.0340536336560273,0.8021114382218357
42.5,-8.4,4.428571428571139,3.3,2.0714285714284717,2.0,1.3586222784859006,0.9063146591186495,1.6541106360298572,1.1515853881835945,0.749999999999976,0.8,1.4404238854695042,1.1940797538039334
42.5,-8.3,5.107142857142568,3.7,1.5357142857142292,1.5,1.4433273587907354,0.9663124084472656,1.7140731130326825,1.2176778793334968,0.749999999999976,0.8,1.6135791837693791,1.3471362052215277
42.5,-8.2,4.999999999999697,3.8999999999999995,1.7142857142856402,1.4999999999999998,1.2232343809944506,0.7832530975341783,1.6327687672205649,1.1542753219604478,0.749999999999976,0.8,1.6104952836908373,1.2356225637541804
42.5,-8.1,5.142857142856814,3.8999999999999995,2.6785714285712894,2.3000000000000003,1.1727220671516791,0.8303442001342773,1.6034668513706094,1.1463516235351534,1.035714285714264,1.2,1.669474959020426,1.1830980383267722
42.5,-8.0,5.035714285713979,3.7,3.571428571428422,3.3,1.2901385171072093,0.9829547882080085,1.622826848711221,1.1821165084838867,0.8928571428571203,1.0,1.7659832782613736,1.2453867361101452
42.5,-7.9,5.464285714285424,4.1,4.035714285714124,3.4,1.4925018719263605,1.1861963272094727,1.6306255204336408,1.2052919387817376,0.49999999999998906,0.6,1.8557485090472814,1.3702316843499958
42.5,-7.8,4.785714285713997,3.5999999999999996,4.357142857142645,3.6999999999999997,1.6218276705059917,1.3901006698608391,1.58031858716687,1.17142562866211,0.49999999999998906,0.6,1.8940556980723824,1.4175546581683172
42.5,-7.7,4.71428571428542,3.0,3.999999999999764,3.5000000000000004,1.3491382598876247,1.161606788635254,1.38040440423143,0.9879188537597656,0.6428571428571332,0.8,1.6136552242777245,1.200971100598558
42.5,-7.6,6.857142857142541,5.5,3.999999999999759,3.0999999999999996,1.415125301905968,1.2289924621582031,1.4143877029418481,1.030295753479006,1.1071428571428357,1.0999999999999999,1.6502406836270578,1.285318787622849
42.5,-7.5,7.785714285713973,6.0,3.535714285714058,2.7,1.5195926257541497,1.3406642913818345,1.5202127865382107,1.13846664428711,1.892857142857082,1.6,1.8946315903426587,1.546389884821366
42.5,-7.4,8.714285714285348,7.100000000000001,5.2857142857140085,4.4,1.6145339693341267,1.4314210891723604,1.6175110680715896,1.2351333618164055,2.357142857142786,2.0,2.016008403165171,1.6927497660762896
42.5,-7.3,8.357142857142493,6.6,5.24999999999972,4.5,1.7356531279426908,1.5630592346191428,1.7284904888697514,1.330282592773436,2.1428571428570846,1.7,2.124782157946793,1.8075092037366218
42.5,-7.2,7.392857142856789,5.300000000000001,5.535714285714056,4.8,1.914818763732839,1.6694692611694357,1.8482540675571428,1.4224784851074226,1.1785714285714084,1.0999999999999999,2.1719641759290016,1.7626685898407786
42.5,-7.1,6.892857142856831,5.4,5.642857142856909,4.9,1.8886221476962883,1.6049989700317369,1.8524922643388462,1.412192916870115,0.7499999999999752,0.7000000000000001,2.133341007852145,1.7138446709680153
42.5,-6.9,6.9285714285710895,4.199999999999999,5.142857142856901,4.5,1.5213304247174348,1.3158670425415053,1.6013846397399476,1.1731321334838896,3.4285714285712827,2.4000000000000004,1.9130762816650473,1.4836558155692217
42.4,-8.9,1.285714285714117,0.3999999999999999,-0.1071428571428658,-0.09999999999999998,0.2930239268711129,-0.14543037414550852,0.8164651053292005,0.4427927017211921,1.499999999999897,1.2999999999999998,0.7281718697861437,0.6186514019169458
42.4,-8.8,0.17857142857128017,-0.40000000000000036,-0.3214285714285861,-0.5000000000000001,-0.036951610020274674,-0.47001972198486186,0.6062073707580194,0.22548637390136506,1.0714285714284812,1.0999999999999999,0.39841998374180754,0.3301378955542873
42.4,-8.7,0.10714285714271432,-0.3999999999999999,-0.28571428571429835,-0.30000000000000004,0.036707060677615345,-0.3235839843749986,0.6490464210509833,0.26376953125000213,0.9642857142856249,1.1,0.49136366852330904,0.3993568974480439
42.4,-8.6,0.9285714285712722,-0.5,0.10714285714280651,0.10000000000000009,0.5640474046979036,0.22590351104736328,1.0095109939574658,0.5815553665161133,1.285714285714209,1.4,0.6956306039768839,0.6012913352664206
42.4,-8.5,3.6071428571425734,1.6999999999999993,0.9285714285713422,1.0000000000000002,1.0181283950804993,0.6468515396118164,1.395788397107738,0.9248907089233391,1.1428571428571066,1.0999999999999999,1.2754812860375764,0.9319423777392934
42.4,-8.4,4.249999999999715,2.5,1.8214285714284855,1.7999999999999998,1.4269752502440627,1.0230289459228494,1.664263725280686,1.175052070617678,0.7499999999999752,0.7000000000000001,1.7411737732062271,1.3413753073640713
42.4,-8.3,5.60714285714254,3.8,2.0714285714284717,2.0,1.6359621456690392,1.1845224380493171,1.808347633906695,1.3192176818847656,0.749999999999976,0.8,2.0177080444359414,1.587245549763356
42.4,-8.2,5.535714285713944,3.5,3.10714285714269,2.5,1.2855845178875844,0.8462554931640618,1.6867621966770017,1.2195264816284173,0.9999999999999776,1.0999999999999999,1.9113195268959022,1.457668722765085
42.4,-8.1,6.46428571428535,4.1,4.214285714285464,3.0999999999999996,1.118632384708878,0.7561042785644503,1.6395404679434025,1.1972179412841797,1.6785714285713786,1.4,1.8717846956533424,1.317003909433808
42.4,-8.0,6.642857142856756,3.9000000000000004,4.214285714285447,3.3000000000000007,1.1613665989466342,0.8699979782104492,1.6364489282879906,1.2122552871704109,2.1785714285713658,1.5999999999999999,1.936078218118634,1.3762723011045352
42.4,-7.9,7.178571428571044,5.400000000000002,4.464285714285438,3.3999999999999995,1.3399416378565423,1.05716171264649,1.6122933115277436,1.2033988952636712,1.714285714285666,1.4,1.936948360912988,1.42482783671597
42.4,-7.8,7.749999999999656,5.800000000000001,4.42857142857116,3.799999999999999,1.5316411427088399,1.3186355590820291,1.5583584649221713,1.159254646301271,0.7499999999999905,0.9,1.8063334799977664,1.3897761185662425
42.4,-7.7,5.749999999999675,3.8999999999999986,3.8214285714283296,3.3999999999999995,1.3844368798391449,1.218296813964841,1.443074703216502,1.0469476699829094,0.9642857142856915,0.9,1.6032445487694962,1.2771221050076242
42.4,-7.6,5.1428571428568155,3.6999999999999993,4.678571428571201,3.8000000000000003,1.4085335731505657,1.2330408096313477,1.4498124122619116,1.0461034774780273,0.8214285714285479,0.7000000000000001,1.613379010411693,1.3031803764505625
42.4,-7.5,5.285714285713964,3.6999999999999993,4.714285714285497,4.199999999999999,1.4738804272242207,1.2470901489257784,1.4961126191274947,1.0819122314453118,0.46428571428570287,0.30000000000000004,1.7614951392557194,1.4233579310509263
42.4,-7.4,6.071428571428225,4.200000000000001,4.99999999999977,4.4,1.6584286689757537,1.4054927825927734,1.6769435065132698,1.254495239257814,0.6428571428571329,0.5,2.018618751863765,1.6181837177964589
42.4,-7.3,7.892857142856736,5.5,5.464285714285484,4.3,1.7659215927123295,1.5138248443603537,1.825756958552713,1.3918485641479492,1.1785714285714084,1.0999999999999999,2.099180142124305,1.6999435868277502
42.4,-7.2,7.178571428571038,4.700000000000001,4.964285714285444,4.2,1.6641236032757745,1.4270679473876982,1.7976523808069973,1.3661956787109375,2.357142857142783,1.6,2.012797881938195,1.621745183649697
42.4,-7.1,7.3214285714282,4.9,4.8928571428568794,3.9000000000000004,1.5183670861379852,1.2951631546020508,1.7251721109662177,1.2954998016357422,3.8214285714284295,2.9,1.865183084473728,1.4765400928065695
42.4,-7.0,6.071428571428205,3.6999999999999993,4.857142857142617,4.1,1.4165949821471577,1.186244201660159,1.6536933353968528,1.2210838317871122,2.1785714285713214,1.5999999999999999,1.8953956216552488,1.4584260456216143
42.4,-6.9,4.821428571428315,3.0999999999999996,4.4642857142854995,3.7,1.4149636541093569,1.1563394546508796,1.5859565734862826,1.143760299682615,2.2142857142856096,1.7999999999999998,1.957450324863825,1.4894936560605707
42.3,-8.8,1.3928571428570815,0.9000000000000001,0.07142857142857023,0.0,0.47029917580735303,0.06020660400390554,0.9652587345667828,0.6229349136352518,2.249999999999861,1.9000000000000001,1.2321892640840102,1.052460019138561
42.3,-8.7,1.5714285714284357,0.9000000000000004,0.03571428571428178,0.0,0.45242016656050904,0.10450305938720916,0.9986045701162722,0.6265134811401367,1.6071428571427449,1.6,1.25293081959815,1.0107406516405426
42.3,-8.6,2.0714285714283522,1.0,0.7142857142856424,0.6000000000000001,0.8473904473440235,0.5164693832397447,1.164641925266755,0.743678092956543,1.5357142857141504,1.5999999999999999,1.3550141812521987,1.02428479340875
42.3,-8.5,2.7142857142854666,0.8999999999999995,1.7499999999998739,1.5,1.0578455243791065,0.6479637145996087,1.3227427346365148,0.8706260681152322,1.3214285714284768,1.2000000000000002,1.4000334583242662,0.9776636425462186
42.3,-8.4,4.8928571428568075,2.6000000000000005,1.7142857142855872,1.9000000000000001,1.2346549034117906,0.8227558135986328,1.4645835331507429,0.9995384216308594,1.3571428571428075,1.2,1.565161061084609,1.0635097393464932
42.3,-8.3,5.82142857142823,3.799999999999999,2.428571428571283,2.2,1.2618398666381057,0.865559387207032,1.5651912008012303,1.100916862487793,1.1071428571428203,1.0999999999999999,1.806889448249108,1.273267175028927
42.3,-8.2,6.749999999999585,4.199999999999999,4.214285714285452,3.3000000000000007,1.1142025675091702,0.6878087997436566,1.6111130714415842,1.1584852218627937,2.0357142857142225,1.5000000000000002,1.951145746451094,1.409499223227325
42.3,-8.1,7.964285714285224,5.1,3.3571428571425983,2.3000000000000007,1.0378261293683058,0.6561847686767592,1.5954864365713315,1.1616615295410178,3.178571428571324,2.5,1.874610807423747,1.4099984144673954
42.3,-8.0,6.82142857142812,5.0,4.607142857142517,2.700000000000001,1.0519967760357816,0.7498056411743121,1.560713699885718,1.1450668334960952,3.0357142857141777,2.4,1.9509887102810448,1.4855291622324813
42.3,-7.9,8.321428571428168,5.600000000000001,5.178571428571111,3.9000000000000004,1.2096574647085248,0.9318063735961957,1.569768088204464,1.1637119293212876,2.4285714285713373,1.8,1.8112961904715206,1.400324551720452
42.3,-7.8,7.892857142856739,6.400000000000002,5.428571428571127,4.300000000000001,1.4250238282339123,1.210440063476561,1.564997468675832,1.1639827728271506,1.5714285714285217,1.2000000000000002,1.6107836735745775,1.2856189399253068
42.3,-7.7,7.071428571428191,5.300000000000001,5.357142857142604,4.4,1.4828189441135202,1.31793212890625,1.5773645809717984,1.1673881530761747,0.9642857142856915,0.9,1.6383751801142399,1.2886753945286955
42.3,-7.6,4.892857142856847,3.3,3.8928571428569714,3.5000000000000004,1.5981940541947879,1.347011947631838,1.59750032424921,1.1698051452636697,0.2142857142857009,0.2,1.7390629486365496,1.2753598669100228
42.3,-7.5,5.071428571428318,4.1,1.9285714285714128,2.1999999999999997,1.75880336761467,1.4011064529418924,1.654019696371836,1.2050161361694336,0.0,0.0,1.9265447632744648,1.3520584036585817
42.3,-7.4,5.14285714285692,4.300000000000001,1.2142857142857095,1.4,1.7714954103741543,1.379944992065429,1.706407615116602,1.2462228775024435,0.0,0.0,2.1369351151586984,1.4901132382165336
42.3,-7.3,4.821428571428311,3.6999999999999997,1.8928571428570915,2.0999999999999996,1.6124809128896809,1.2939237594604514,1.6889856883457164,1.2371677398681626,0.0,0.0,1.9824032078706122,1.4742043201624746
42.3,-7.2,5.714285714285424,4.3999999999999995,4.607142857142646,3.6999999999999997,1.411918231419091,1.1510784149169915,1.634192943572942,1.1942800521850572,0.7499999999999752,0.39999999999999997,1.8396754575688106,1.4319927120251847
42.3,-7.1,6.428571428571067,3.8000000000000007,4.821428571428342,3.5999999999999996,1.302604879651688,1.059443664550784,1.6075926508221783,1.170982742309569,3.2142857142855603,2.4000000000000004,1.716288044447415,1.3811350162413483
42.3,-7.0,5.1428571428568794,3.8999999999999995,4.178571428571231,3.5,1.3235474314007893,1.047360992431642,1.5729519980293816,1.133124923706056,1.5714285714285068,0.9999999999999999,1.7122515736083799,1.2979814894812236
42.3,-6.9,4.392857142856919,3.5000000000000004,1.0357142857142794,1.2,1.4910526275634175,1.1595628738403327,1.6128616333007282,1.157171440124511,0.0,0.0,1.9334122861865448,1.348679448392165
42.3,-6.8,2.96428571428561,3.0,0.3214285714285742,0.4,1.6352233886718202,1.2625476837158196,1.635789394378615,1.1672790527343757,0.0,0.0,2.0621618218676026,1.412715064860695
42.2,-8.7,2.1428571428569794,1.1999999999999997,0.35714285714284,0.30000000000000004,0.7400928224835233,0.3548795700073235,1.0683296067373589,0.6999975204467752,2.2142857142855688,2.0999999999999996,1.3509647195178687,1.068714572179971
42.2,-8.6,2.428571428571144,1.1000000000000005,1.2499999999998967,0.8,0.9582711628504261,0.5866388320922837,1.1882659367151989,0.7747186660766587,2.7857142857141004,2.7,1.5117401479389667,1.1296485329775265
42.2,-8.5,3.4642857142853103,1.3000000000000007,1.499999999999834,0.5999999999999996,1.0848372323171636,0.6447677612304688,1.266210624149805,0.8228742599487298,3.071428571428388,2.8000000000000003,1.4305045295085375,0.997895608568605
42.2,-8.4,4.285714285713847,1.8000000000000007,1.5357142857140962,0.8000000000000003,1.1306439127240002,0.704391479492191,1.3566432680401794,0.8960645675659187,2.5714285714284593,2.3000000000000003,1.4316350761979593,0.920165264352633
42.2,-8.3,6.10714285714244,3.5999999999999996,1.571428571428378,0.5999999999999996,1.060769285474425,0.6278551101684577,1.4953712054660642,1.0267148971557631,1.9642857142856456,1.6,1.6068873933140155,1.052578568833841
42.2,-8.2,6.642857142856714,3.6999999999999993,3.6071428571425996,2.7,1.0485006741114236,0.6365383148193331,1.5969123840331374,1.130825233459472,2.285714285714205,1.6999999999999997,1.882902563643305,1.2853416697225803
42.2,-8.1,6.964285714285284,4.0,4.714285714285441,4.1,1.0961947441100297,0.767573356628418,1.61655725751598,1.1651718139648466,2.4999999999999085,1.7999999999999998,1.9698000917576244,1.3930579505929046
42.2,-8.0,7.428571428571033,4.700000000000001,5.67857142857118,4.299999999999999,1.2103738103593353,0.920839691162108,1.5972535269600374,1.1618822097778327,2.071428571428491,1.5,1.8557298582902049,1.3508389844222286
42.2,-7.9,6.714285714285316,4.6,5.49999999999975,4.3,1.3524332727703958,1.0540159225463839,1.6039870807102132,1.1794126510620124,1.142857142857104,0.7999999999999999,1.7270743964274005,1.3192004325449815
42.2,-7.8,7.6785714285710105,5.600000000000001,5.607142857142598,4.6,1.4886608804974502,1.2621240615844762,1.6378673144748643,1.2215896606445291,1.6071428571428081,1.2000000000000002,1.6993814987451261,1.3531580088510964
42.2,-7.7,7.678571428571014,6.000000000000002,6.249999999999743,5.1,1.6439409255980673,1.441191482543946,1.7038372584751105,1.2851871490478537,1.1785714285713913,0.8999999999999999,1.7696897244064036,1.4096371574881488
42.2,-7.6,6.85714285714252,4.800000000000001,5.392857142856902,4.7,1.7634777341569405,1.498812484741208,1.7331570216586982,1.305963325500489,0.4642857142856874,0.30000000000000004,1.8847637313858054,1.4345176258718375
42.2,-7.5,5.357142857142618,4.2,1.749999999999981,2.0,1.6779624394007364,1.2990562438964837,1.599049159458642,1.1640033721923828,0.0,0.0,1.9502105882247343,1.3732354324266147
42.2,-7.4,4.321428571428396,3.5,0.6428571428571483,0.8,1.718628202165805,1.2574235916137688,1.6617584228514968,1.2162282943725593,0.0,0.0,2.11440757645172,1.4442189116781812
42.2,-7.3,4.535714285714098,4.0,1.2142857142857095,1.2999999999999998,1.5904192924498806,1.1963989257812493,1.643909658704423,1.2059015274047837,0.0,0.0,2.0627781728984704,1.4106036613951396
42.2,-7.2,6.214285714285426,4.6,2.9642857142855887,2.6,1.3951508658272258,1.1121301651000977,1.585905551910339,1.1616161346435518,0.6785714285714185,0.7000000000000001,1.77873168713035,1.2865190960828166
42.2,-7.1,5.285714285713976,3.5999999999999996,4.571428571428354,3.9000000000000004,1.3327366965157044,1.086086654663088,1.5728316307067267,1.1549755096435526,2.321428571428456,1.5,1.6331859299136826,1.25225153962975
42.2,-7.0,4.535714285714071,3.7,1.4999999999999618,2.0,1.301898070744043,1.015735244750978,1.5073072569710306,1.091029167175293,0.6428571428571167,0.39999999999999997,1.7270127814663658,1.2236094814326464
42.2,-6.9,1.6785714285713758,2.0,0.14285714285714404,0.2,1.5018458366393481,1.1638427734374979,1.5946457726614245,1.1710279464721651,0.0,0.0,1.9315077605984363,1.2913595487536256
42.1,-8.8,0.39285714285712736,0.19999999999999996,0.0,0.0,0.7373853410992695,0.42273921966552663,0.9194718769618028,0.6399633407592766,2.1428571428570033,2.1,1.1141022473066633,0.9633467006449479
42.1,-8.7,1.6071428571427202,0.7000000000000002,0.35714285714284,0.30000000000000004,0.7023399897983341,0.31609001159667827,0.9534904616219169,0.6104017257690444,2.4642857142855616,2.0999999999999996,1.1950568167301134,0.8687650255835386
42.1,-8.6,1.7142857142854084,0.8000000000000007,1.6785714285712974,1.0,0.6879262924193477,0.2888582229614265,1.030547618865909,0.6351154327392585,3.1071428571426396,2.6000000000000005,1.2643839231001586,0.8541347474138234
42.1,-8.5,2.8214285714280867,0.40000000000000036,1.1428571428569556,0.0,0.817365646362222,0.37691650390624787,1.1312848499842454,0.6993152618408196,3.4999999999997993,3.0,1.2380442008895696,0.7474140661434774
42.1,-8.4,3.571428571428111,0.9000000000000004,1.0357142857140889,0.0,0.9998403276715071,0.5460746765136761,1.2934823036193202,0.8304746627807624,3.85714285714265,3.2,1.3660715214306252,0.8240278690189129
42.1,-8.1,5.035714285713972,3.200000000000001,2.464285714285584,2.1,1.2107988766260722,0.8596681594848619,1.6433275086538415,1.1729343414306612,0.5357142857142574,0.3,2.0570632454632225,1.4901996010017342
42.1,-8.0,5.428571428571084,3.3999999999999995,3.214285714285558,2.9999999999999996,1.2691832951136268,0.9683254241943331,1.6404012952531455,1.1868982315063477,0.17857142857141323,0.0,1.9608810216832206,1.5119585828191795
42.1,-7.9,5.571428571428221,3.6000000000000005,4.142857142856912,3.8,1.3411701747348637,1.0880605697631829,1.6261978149413454,1.1884973526000984,0.1428571428571256,-0.2,1.8739629618562756,1.489137498962993
42.1,-7.8,7.428571428571054,5.699999999999999,5.714285714285456,4.8,1.4653538295200161,1.244957733154294,1.6772902352468708,1.2460252761840813,1.3571428571428188,1.0,1.8067963976075028,1.4524743307160044
42.1,-7.7,8.964285714285264,6.499999999999998,6.07142857142832,4.4,1.617036683218743,1.3938316345214865,1.7744543211800081,1.3389476776123033,2.2857142857142083,1.5999999999999999,1.8404162282155334,1.447263354221306
42.1,-7.6,9.89285714285672,6.6,6.357142857142607,4.9,1.7494986397878738,1.5084398269653327,1.806048393249453,1.3808998107910142,2.464285714285637,2.2,1.7408430054971669,1.3427422621627905
42.1,-7.5,5.999999999999681,4.6,5.4999999999997415,4.6000000000000005,1.605400357927533,1.3231344223022496,1.609339850289425,1.190699958801268,0.6071428571428306,0.39999999999999997,1.745509772488845,1.2910043158200395
42.1,-7.4,6.9999999999997256,5.6000000000000005,4.178571428571269,3.5,1.5918746675763131,1.2671405792236357,1.6334136554172427,1.21261463165283,0.14285714285714404,0.2,1.8646885598470766,1.3769220458660811
42.1,-7.3,6.999999999999728,5.8,3.5714285714284175,3.0999999999999996,1.5050495692661157,1.200645065307615,1.5947995185851436,1.1845941543579102,0.4642857142857183,0.6,1.900175616771664,1.3734985979103023
42.1,-7.2,6.24999999999972,4.6000000000000005,3.7857142857140973,3.2,1.4052657399858122,1.1342096328735352,1.5658046858650707,1.165187263488768,1.642857142857097,1.6,1.7926417060864304,1.3195305046823087
42.1,-7.1,5.857142857142568,4.300000000000001,4.499999999999785,3.8,1.3505890710012627,1.116907882690434,1.5539410454885703,1.1599891662597628,1.7142857142856434,1.4,1.7560864004950607,1.3090119754030347
42.1,-7.0,5.678571428571178,4.8999999999999995,1.4999999999999603,1.7999999999999998,1.3820160457065538,1.1241264343261719,1.5488815307616621,1.1616458892822266,0.8214285714285618,0.8,1.8052987652132941,1.3196018982461624
42.0,-8.8,0.39285714285712736,0.19999999999999996,0.0,0.0,0.370359693254688,0.0964023590087919,0.678820610046348,0.42711563110351847,1.464285714285617,1.4,0.7537171949382904,0.5237924720666598
42.0,-8.7,0.8928571428570324,0.5,0.03571428571426409,0.0,0.38812017440789237,0.03839378356933665,0.7577570506504148,0.4398185729980497,1.9999999999998583,1.7,0.8297158347907689,0.41593465540558583
42.0,-8.1,4.821428571428292,3.3000000000000007,1.4999999999999245,1.4000000000000001,1.1618862833294754,0.8185333251953146,1.6205652100698602,1.1419286727905273,0.7499999999999731,0.4,2.039328423570005,1.5121726005120877
42.0,-8.0,5.749999999999687,3.8000000000000007,2.535714285714153,2.3,1.272525514875068,0.9916982650756836,1.6729418890816181,1.2026359558105462,0.7142857142856855,0.20000000000000007,2.0043122203397985,1.6024612544748145
42.0,-7.9,5.60714285714254,4.1,3.4642857142855457,3.1999999999999997,1.3518179484775374,1.1024000167846708,1.7096131869724145,1.2520168304443366,0.6428571428571139,0.30000000000000004,2.053835705687989,1.6996768681660583
42.0,-7.8,5.607142857142534,4.2,4.0714285714283385,3.6999999999999997,1.3629294804163656,1.129382705688478,1.7082271575927057,1.2601280212402344,0.5357142857142709,0.30000000000000004,1.9780302403572896,1.5321781904623784
42.0,-7.7,7.142857142856791,4.699999999999999,5.749999999999725,4.7,1.3821341650825916,1.1630821228027344,1.6554902621677312,1.2180221557617195,0.9285714285714082,0.9,1.83745559788365,1.348914350719916
42.0,-7.6,9.892857142856741,5.600000000000001,5.6428571428569025,4.5,1.3587228230067014,1.1543888092041072,1.5502794810703264,1.1350618362426772,3.642857142856987,3.3,1.5940020250591294,1.2287567725936945
42.0,-7.5,10.678571428571006,6.799999999999997,6.214285714285472,5.299999999999999,1.4036630902970868,1.2131072998046832,1.6023748942783353,1.1982814788818388,4.4999999999997975,4.199999999999999,1.6861641538951933,1.3198658463282094
42.0,-7.4,11.142857142856693,7.000000000000002,6.8928571428569185,5.5,1.4419351986475706,1.2456417083740234,1.6120237622941647,1.2167694091796903,4.178571428571289,4.1,1.7509489629368873,1.3529498998485785
42.0,-7.3,9.571428571428157,5.600000000000001,6.785714285714026,5.8,1.4093452862330202,1.206784629821776,1.5758791651044004,1.1906753540039077,2.7499999999999107,2.7,1.7924369711351795,1.3765593658861022
42.0,-7.2,9.321428571428157,6.6,6.142857142856908,5.199999999999999,1.3829650878905584,1.1651817321777358,1.5495553016661967,1.1723909378051758,2.285714285714188,2.5999999999999996,1.8654452653525118,1.355130669260305
42.0,-7.1,8.714285714285314,6.300000000000001,5.464285714285535,5.0,1.4512709208896557,1.217740440368651,1.6525519915988827,1.2692844390869134,3.8571428571427147,4.3,1.7903156688868893,1.3556329230284732
42.0,-7.0,7.499999999999716,6.1,3.9642857142855354,3.3,1.5462600844246357,1.276401519775387,1.7135315622601632,1.3332035064697259,3.92857142857131,4.4,1.837873373345479,1.3811707948913856
41.9,-8.2,5.249999999999613,3.0,1.7499999999998719,1.2999999999999998,1.147585732596171,0.8055782318115234,1.4909540585108436,1.013297271728515,2.3214285714284935,1.7000000000000002,1.808157425020127,1.3105649741996324
41.9,-8.1,5.321428571428206,3.0999999999999996,1.9999999999998963,1.7000000000000002,1.091151169368114,0.7610759735107422,1.4988846097673012,1.0310861587524407,2.2142857142855967,1.5999999999999999,1.8764761101521445,1.4150854921960025
41.9,-8.0,4.9642857142853964,2.9000000000000004,2.535714285714153,2.3,1.1973752294267166,0.9259784698486335,1.6132754598344379,1.147034835815429,1.8571428571427873,1.2999999999999998,1.9867648550382282,1.5673900054482992
41.9,-7.8,6.0357142857140165,4.8999999999999995,1.78571428571423,1.7999999999999998,1.3135080337523795,1.085662841796875,1.5698340279714742,1.1354187011718757,0.7857142857142573,0.4,1.9524946429084313,1.4931707373377066
41.9,-7.6,8.928571428571049,5.100000000000001,5.571428571428369,4.699999999999999,1.334406375884947,1.134969902038577,1.5720859255108945,1.1437650680542006,2.964285714285583,2.7,1.7181494024827715,1.3026334771621428
41.9,-7.5,15.357142857142263,10.0,6.999999999999673,5.699999999999999,1.6455604689461178,1.473318290710452,1.8409013748168364,1.411888694763185,5.071428571428353,4.8,2.022949613401077,1.5110889829477365
41.9,-7.4,16.32142857142797,11.0,7.678571428571079,5.799999999999999,1.7238606044223648,1.544095611572267,1.8963181631905077,1.4807909011840827,5.607142857142625,5.6,2.0834874933131786,1.6427950351499696
41.9,-7.3,14.214285714285191,10.3,8.428571428571153,6.6000000000000005,1.706039973667621,1.5136371612548842,1.8216389928544674,1.4318794250488267,3.785714285714168,4.1,1.9766523474837119,1.5639826604593843
41.9,-7.2,11.428571428570987,7.400000000000002,6.571428571428335,5.7,1.4670449665613963,1.2809337615966783,1.5733276775904514,1.2158338546752923,2.7857142857142136,3.1,1.732179926122077,1.3122896988455324
