estacion,n_anios,anio_ini,anio_fin,d_tx30_sen_dec,d_tx30_p,d_tx30_salto,d_tx32_sen_dec,d_tx32_p,d_tx32_salto,d_tx35_sen_dec,d_tx35_p,d_tx35_salto,tx_p99_sen_dec,tx_p99_p,tx_p99_salto,tx_verano_sen_dec,tx_verano_p,tx_verano_salto,noches_trop_sen_dec,noches_trop_p,noches_trop_salto,tmean_sen_dec,tmean_p,tmean_salto,d_helada_sen_dec,d_helada_p,d_helada_salto,hx_p99_sen_dec,hx_p99_p,hx_p99_salto,d_hx35_sen_dec,d_hx35_p,d_hx35_salto,id,concello,provincia,lat,lon,alt
10045,16,2010,2025,1.325,0.5231,0.88,1.484,0.2537,1.38,0.0,0.4175,0.12,0.835,0.3502,0.82,1.301,0.0641,0.6,0.0,0.5876,-0.12,0.794,0.0033,0.46,1.841,0.8925,1.38,4.583,0.0326,3.71,22.917,0.0022,16.25,10045,ABEGONDO,A Coruña,43.241367,-8.262225,94.0
10046,16,2010,2025,2.857,0.0621,1.88,0.871,0.0718,1.12,0.0,0.1218,0.12,1.716,0.1949,1.34,1.279,0.0413,0.69,0.0,0.5107,0.25,0.937,0.0033,0.57,-2.5,0.1595,-3.38,3.588,0.0152,3.07,8.75,0.0237,6.62,10046,MONFERO,A Coruña,43.343082,-7.8944,651.0
10047,16,2010,2025,0.0,0.464,-0.38,0.0,0.2528,0.12,0.0,0.9136,-0.12,-0.775,0.265,-0.32,0.271,0.2281,0.15,0.0,0.1028,0.75,0.704,0.0024,0.51,0.0,0.0983,-0.38,0.867,0.3984,1.08,2.5,0.2766,2.88,10047,RIBADEO,Lugo,43.540714,-7.083024,51.0
10048,16,2010,2025,-1.0,0.9641,-3.25,0.0,0.892,-2.88,0.0,0.2752,0.38,0.359,0.4503,-0.41,0.561,0.5056,-0.42,0.0,,0.0,0.638,0.0413,0.2,-11.465,0.116,-8.88,1.52,0.0788,0.44,12.54,0.114,5.25,10048,VILARIÑO DE CONSO,Ourense,42.11956,-7.344628,1026.0
10049,16,2010,2025,0.0,0.7848,-0.62,0.0,0.9276,0.0,0.0,0.9597,0.12,0.432,0.6901,0.32,0.931,0.096,0.67,0.0,0.582,-0.12,0.531,0.0198,0.41,0.0,,0.0,0.637,0.7566,0.39,5.0,0.299,2.75,10049,RIBEIRA,A Coruña,42.555164,-9.028601,30.0
10050,16,2010,2025,0.0,0.679,0.38,1.056,0.2477,0.5,0.0,0.3998,0.38,0.953,0.3502,0.45,0.827,0.116,0.3,0.0,0.0362,1.5,0.737,0.0011,0.58,0.0,0.0302,-0.62,1.229,0.5643,0.6,-4.222,0.4695,-4.12,10050,FERROL,A Coruña,43.491467,-8.252274,37.0
10052,16,2010,2025,0.0,0.6474,0.0,0.0,0.8473,0.12,0.0,0.6338,0.0,0.227,0.9647,-0.08,1.04,0.1949,0.49,0.333,0.491,0.62,1.088,0.0017,0.68,-5.505,0.0053,-5.25,1.825,0.1653,0.93,5.0,0.2056,2.25,10052,LOUSAME,A Coruña,42.745583,-8.776306,661.0
10053,16,2010,2025,6.077,0.0452,6.25,6.833,0.0238,5.25,1.833,0.0954,1.62,1.869,0.0255,1.77,1.781,0.0046,0.99,0.0,0.5876,-0.12,0.971,0.0046,0.63,-5.0,0.2976,-1.88,5.989,0.0046,5.11,22.679,0.0129,17.88,10053,LUGO,Lugo,42.992695,-7.546897,400.0
10055,16,2010,2025,2.222,0.2547,1.12,0.0,0.2975,0.88,0.0,0.1331,0.38,1.497,0.1949,0.92,1.149,0.0255,0.36,0.0,0.3191,0.12,0.845,0.0086,0.49,-5.727,0.0461,-3.12,2.693,0.1653,1.65,2.083,0.5875,0.88,10055,VILALBA,Lugo,43.226593,-7.783072,684.0
10056,16,2010,2025,2.679,0.6512,0.62,3.875,0.4158,1.25,1.667,0.233,0.88,1.086,0.3502,0.45,0.6,0.5056,-0.05,0.885,0.1423,0.88,0.541,0.116,0.26,-3.81,0.2766,-3.62,3.013,0.0517,1.61,5.857,0.3896,4.12,10056,MONFORTE DE LEMOS,Lugo,42.473194,-7.501777,645.0
10057,16,2010,2025,3.125,0.2579,2.38,2.0,0.0245,2.5,0.0,0.0193,0.5,1.25,0.3502,0.7,1.423,0.096,0.54,0.801,0.2635,1.0,1.05,0.0046,0.52,-12.788,0.0004,-9.5,3.162,0.0046,2.15,15.0,0.01,8.5,10057,MACEDA,Ourense,42.298744,-7.590657,981.0
10058,16,2010,2025,6.25,0.1251,3.25,10.0,0.2237,3.88,5.278,0.1452,2.38,1.268,0.139,0.55,1.597,0.0788,0.24,0.0,0.0316,1.25,0.784,0.0115,0.49,-7.917,0.2065,-4.62,2.195,0.0788,0.92,4.083,0.6844,-2.25,10058,VERÍN,Ourense,41.97433,-7.398772,546.0
10060,16,2010,2025,4.643,0.2789,4.5,3.485,0.3396,2.38,0.417,0.4315,0.75,0.997,0.265,1.02,1.125,0.3057,0.43,0.0,0.55,0.0,0.748,0.0152,0.41,-2.857,0.0229,-3.25,4.927,0.0046,3.91,17.596,0.0788,14.62,10060,TUI,Pontevedra,42.0786,-8.679444,484.0
10061,16,2010,2025,3.333,0.5277,3.0,3.375,0.2353,2.75,1.667,0.086,1.38,0.522,0.4503,0.46,1.127,0.1653,0.41,0.0,,0.0,0.907,0.0017,0.64,-11.742,0.1044,-8.38,2.962,0.0517,2.07,6.571,0.2789,3.25,10061,LALÍN,Pontevedra,42.614384,-8.137295,500.0
10062,16,2010,2025,3.333,0.0068,3.75,0.0,0.0057,2.0,0.0,0.1037,0.12,1.909,0.0641,1.25,1.752,0.0198,0.96,1.667,0.1175,2.12,1.185,0.0024,0.68,-30.0,0.0215,-16.25,4.23,0.0008,2.49,4.451,0.0013,4.38,10062,CERVANTES,Lugo,42.820778,-6.922902,1364.0
10064,16,2010,2025,-3.333,0.4155,-3.38,-1.389,0.6186,-1.62,-1.056,0.2862,-0.88,-0.562,0.5643,-0.52,0.276,0.4503,-0.29,0.0,0.8403,0.0,0.351,0.096,0.12,-1.603,0.2324,-1.62,0.925,0.5056,-0.05,-1.111,0.7519,-3.75,10064,PONTEVEDRA,Pontevedra,42.40924,-8.664094,52.0
10067,16,2010,2025,3.542,0.4158,0.75,2.111,0.4149,0.5,0.0,0.3191,0.5,1.121,0.4503,0.79,1.256,0.096,0.52,-1.603,0.4973,-1.12,0.877,0.0326,0.5,0.0,0.1507,-0.25,3.611,0.0463,2.18,16.667,0.0064,12.09,10067,POIO,Pontevedra,42.458405,-8.722065,515.0
10085,16,2010,2025,-0.917,0.5542,-1.12,0.0,0.7451,-0.12,0.0,0.8401,-0.12,-0.066,0.9647,-0.06,0.421,0.3984,0.01,0.0,0.2777,0.62,0.531,0.0413,0.29,0.0,,0.0,1.032,0.5643,0.29,-4.167,0.3896,-2.38,10085,VILANOVA DE AROUSA,Pontevedra,42.580074,-8.804707,3.0
10086,16,2010,2025,1.325,0.6512,0.38,0.0,0.7838,0.5,0.0,0.6889,0.0,0.537,0.6259,0.15,1.125,0.2281,0.25,3.542,0.32,2.25,0.835,0.0017,0.47,-3.542,0.1673,-3.88,2.236,0.116,1.43,8.73,0.1891,4.0,10086,FORNELOS DE MONTES,Pontevedra,42.315304,-8.400214,705.0
10087,16,2010,2025,-3.333,0.112,-2.75,-1.111,0.3373,-2.0,0.0,0.4013,-0.5,-1.236,0.265,-1.13,-0.087,0.8944,-0.43,0.0,0.329,0.25,0.183,0.3502,0.01,0.0,0.8914,-1.62,-1.586,0.3984,-1.58,-4.143,0.3416,-3.0,10087,SANTA COMBA,A Coruña,42.968616,-8.868301,369.0
10088,16,2010,2025,1.27,0.0963,0.75,0.0,0.4438,0.12,0.0,0.329,0.12,0.631,0.3984,-0.4,0.786,0.2281,-0.04,0.0,0.9136,-0.12,0.496,0.0046,0.22,0.0,0.9276,1.75,1.225,0.6901,-0.43,0.455,0.6822,0.12,10088,ABADÍN,Lugo,43.454594,-7.446248,595.0
10089,16,2010,2025,8.452,0.2386,6.25,6.696,0.0522,5.38,2.111,0.0447,2.62,1.849,0.0255,1.59,1.965,0.0086,1.13,0.0,0.329,0.12,0.771,0.0046,0.45,1.603,0.7517,2.5,5.76,0.0017,3.82,18.452,0.0029,13.88,10089,MELIDE,A Coruña,42.907383,-7.982653,477.0
10091,16,2010,2025,1.909,0.5875,1.25,0.385,0.552,1.0,0.0,0.6377,0.25,0.811,0.5056,0.88,0.879,0.3502,0.32,-0.871,0.4627,-0.88,0.62,0.0115,0.36,0.0,0.0795,-1.5,1.889,0.139,1.49,7.417,0.0774,7.0,10091,OIA,Pontevedra,41.99327,-8.864355,480.0
10092,16,2010,2025,0.0,0.4473,0.0,0.0,0.8834,-0.12,0.0,0.1123,0.25,0.034,1.0,-0.17,1.006,0.096,0.37,0.0,0.2792,0.12,0.845,0.0005,0.57,0.0,,0.0,1.823,0.2281,1.18,2.614,0.0891,1.88,10092,CEDEIRA,A Coruña,43.70426,-8.052468,254.0
10093,16,2010,2025,0.0,0.5054,-0.25,0.0,0.204,0.25,0.0,,0.0,0.107,0.8944,-0.59,1.104,0.0033,0.7,0.0,0.2328,0.12,0.914,0.0002,0.67,0.0,,0.0,0.982,0.265,1.11,1.214,0.4341,2.12,10093,MALPICA DE BERGANTIÑOS,A Coruña,43.336,-8.836423,161.0
10094,16,2010,2025,1.458,0.412,1.0,0.0,1.0,-0.38,0.0,0.1499,0.12,0.896,0.6259,0.56,1.037,0.0788,0.51,0.0,0.329,0.12,1.252,0.0002,0.88,-7.778,0.0068,-7.25,3.175,0.096,1.98,8.0,0.1036,8.5,10094,MESÍA,A Coruña,43.12481,-8.279388,401.0
10095,16,2010,2025,2.583,0.499,1.5,-0.385,0.7858,-1.0,0.0,0.6474,0.0,-0.108,0.8944,-0.16,1.216,0.116,0.43,0.0,0.3697,0.62,0.833,0.0033,0.52,-6.333,0.0265,-6.38,3.074,0.116,1.71,18.819,0.0304,10.38,10095,BOQUEIXÓN,A Coruña,42.822826,-8.461246,231.0
10096,16,2010,2025,0.0,0.7156,-0.75,0.0,0.8473,-0.12,0.0,0.329,0.12,0.243,0.8944,0.05,0.686,0.1653,0.24,0.0,0.4081,0.5,0.703,0.0064,0.41,-2.5,0.09,-2.88,0.987,0.5056,0.52,3.333,0.3153,2.38,10096,CORISTANCO,A Coruña,43.095192,-8.69099,540.0
10097,16,2010,2025,0.0,0.2683,0.38,0.0,0.0138,0.62,0.0,,0.0,0.814,0.2281,0.42,1.141,0.0413,0.83,0.0,0.1821,0.5,0.868,0.0017,0.73,-1.714,0.0968,-3.5,1.825,0.116,1.14,4.143,0.0628,2.88,10097,ORTIGUEIRA,A Coruña,43.59178,-7.788782,576.0
10098,16,2010,2025,6.905,0.2044,4.38,5.625,0.0776,2.62,2.0,0.0548,1.12,2.023,0.0413,1.0,1.395,0.0641,0.54,0.0,0.0448,0.75,1.042,0.0024,0.65,-12.361,0.0087,-9.62,2.832,0.0326,1.63,9.667,0.0426,4.5,10098,SAMOS,Lugo,42.747143,-7.24874,826.0
10099,16,2010,2025,-2.175,0.649,-0.25,1.833,0.7866,1.5,2.111,0.4664,1.12,0.96,0.3984,0.54,0.694,0.1949,0.26,0.0,,0.0,0.892,0.0046,0.55,-5.857,0.2789,-2.25,4.531,0.0255,3.03,6.061,0.299,3.62,10099,BÓVEDA,Lugo,42.64761,-7.476274,432.0
10100,16,2010,2025,13.667,0.2237,7.0,6.625,0.3186,4.25,3.333,0.1472,2.25,1.4,0.2281,0.78,1.338,0.116,0.54,1.429,0.0171,1.62,0.92,0.0033,0.64,-10.955,0.0506,-6.75,4.338,0.0005,2.76,14.0,0.0704,11.25,10100,QUIROGA,Lugo,42.492397,-7.275823,697.0
10101,16,2010,2025,2.222,0.2016,1.75,1.909,0.1168,1.38,0.0,0.1334,0.38,1.655,0.116,1.05,1.082,0.0641,0.46,0.0,0.269,0.12,0.977,0.0086,0.6,-7.75,0.0374,-7.0,3.017,0.0255,2.15,4.444,0.3896,3.88,10101,FRIOL,Lugo,43.0374,-7.892649,731.0
10102,16,2010,2025,6.19,0.4692,3.0,5.278,0.4982,2.5,2.5,0.1447,2.0,1.328,0.1653,0.75,1.129,0.2281,0.42,0.955,0.2231,1.38,0.672,0.1653,0.34,-7.136,0.0687,-2.0,2.645,0.0255,1.78,10.0,0.0947,10.38,10102,FOLGOSO DO COUREL,Lugo,42.59468,-7.192392,777.0
10103,16,2010,2025,-0.774,0.0754,-0.5,0.0,0.2352,-0.38,0.0,,0.0,-1.518,0.1949,-0.86,-0.279,0.7566,-0.22,0.0,0.2352,0.5,0.376,0.4503,0.22,1.181,0.4643,1.25,-2.279,0.3057,-1.23,-3.333,0.2553,-2.25,10103,FOZ,Lugo,43.558243,-7.278138,73.0
10104,16,2010,2025,1.0,0.0737,0.88,0.0,0.0946,0.5,0.0,,0.0,0.568,0.5056,-0.08,0.363,0.5643,0.08,0.0,0.9583,0.12,0.558,0.0413,0.41,-0.385,0.0572,-2.12,1.665,0.096,1.14,2.614,0.1115,1.5,10104,VIVEIRO,Lugo,43.660763,-7.562965,545.0
10105,16,2010,2025,2.404,0.2953,1.0,0.0,0.747,0.38,0.0,0.0677,0.38,0.953,0.6901,0.39,0.525,0.5643,0.05,0.0,0.5254,0.0,0.827,0.0086,0.47,-8.0,0.0522,-6.25,1.93,0.265,1.21,0.0,0.928,2.25,10105,POL,Lugo,43.162598,-7.282577,647.0
10106,16,2010,2025,2.25,0.3186,0.75,0.357,0.2806,0.62,0.333,0.0323,0.62,1.029,0.2281,0.18,1.734,0.0046,1.0,0.0,0.9136,-0.12,1.674,0.0,1.24,-3.636,0.3909,-5.62,1.512,0.3057,0.39,8.194,0.0858,6.0,10106,A PONTENOVA,Lugo,43.339153,-7.168036,490.0
10107,16,2010,2025,2.614,0.3166,1.88,1.833,0.2363,1.25,0.0,0.3645,0.25,1.391,0.0517,1.12,0.909,0.0641,0.32,0.0,,0.0,0.954,0.0024,0.57,-13.205,0.0333,-8.5,4.16,0.0198,3.51,5.5,0.1027,5.88,10107,GUITIRIZ,Lugo,43.14569,-7.791122,496.0
10108,16,2010,2025,2.361,0.4155,1.0,6.182,0.2065,3.5,2.929,0.2016,1.38,1.714,0.1949,1.05,1.216,0.0255,0.38,0.0,,0.0,1.113,0.0011,0.72,-10.833,0.1488,-6.75,6.003,0.0024,4.02,16.889,0.0269,8.0,10108,PORTOMARÍN,Lugo,42.813114,-7.620155,447.0
10109,16,2010,2025,5.635,0.3209,3.62,4.722,0.2576,2.38,1.429,0.254,1.75,0.842,0.3984,0.32,1.28,0.0517,0.58,0.801,0.0133,1.38,0.991,0.0017,0.58,-2.02,0.4373,-3.38,3.194,0.0413,2.11,11.111,0.0212,11.25,10109,AVIÓN,Ourense,42.414585,-8.238242,553.0
10110,16,2010,2025,2.0,0.5561,0.75,0.385,0.9281,-1.0,2.5,0.1433,1.62,0.614,0.6259,0.1,0.906,0.3984,-0.12,0.0,,0.0,0.841,0.0024,0.49,-7.833,0.2599,-7.12,2.748,0.0641,1.52,5.357,0.5265,7.12,10110,BALTAR,Ourense,41.94622,-7.708379,807.0
10111,16,2010,2025,10.417,0.1362,7.38,7.321,0.2789,5.5,3.333,0.0318,2.62,1.049,0.139,0.88,1.624,0.096,0.77,0.0,0.4563,1.25,0.865,0.0033,0.48,-5.0,0.0858,-4.75,5.87,0.0001,4.73,26.0,0.0025,22.62,10111,ENTRIMO,Ourense,41.944828,-8.106171,763.0
10112,16,2010,2025,3.889,0.5571,1.75,2.679,0.6844,0.62,2.111,0.2556,1.88,0.356,0.8248,0.01,1.04,0.1653,0.3,1.429,0.1752,0.75,0.787,0.0152,0.44,-4.286,0.1864,-3.38,3.799,0.0198,2.21,13.205,0.03,9.38,10112,CELANOVA,Ourense,42.173622,-7.968152,623.0
10113,16,2010,2025,5.934,0.5277,5.25,3.667,0.5561,4.12,1.603,0.2317,2.25,1.036,0.1653,0.78,1.377,0.1949,0.7,0.0,0.2328,0.12,0.796,0.0024,0.51,-3.741,0.6194,-1.62,4.511,0.0017,3.37,18.786,0.0169,14.88,10113,BAÑOS DE MOLGAS,Ourense,42.23335,-7.629124,604.0
10114,16,2010,2025,5.96,0.4155,1.62,12.25,0.1624,3.75,4.722,0.2227,3.0,1.783,0.096,0.53,1.588,0.0641,0.22,1.339,0.0049,2.25,1.071,0.0024,0.56,-10.0,0.1624,-6.38,5.525,0.0001,3.52,10.455,0.1351,7.5,10114,RUBIÁ,Ourense,42.46311,-6.929479,577.0
10115,16,2010,2025,4.722,0.036,4.0,2.222,0.0031,2.38,0.0,,0.0,1.242,0.0788,0.72,1.472,0.096,0.56,0.0,0.0416,1.75,0.954,0.0046,0.51,-15.0,0.0268,-12.62,3.935,0.0,2.87,13.205,0.0008,11.5,10115,A VEIGA,Ourense,42.355392,-7.008639,1229.0
10116,16,2010,2025,7.75,0.2999,3.25,5.417,0.3196,1.5,2.111,0.05,1.5,1.271,0.139,0.65,1.298,0.116,0.37,0.0,0.329,0.25,0.727,0.0046,0.43,-8.258,0.3659,-4.75,2.961,0.0033,2.01,12.667,0.1044,8.88,10116,VIANA DO BOLO,Ourense,42.16304,-7.089615,851.0
10117,16,2010,2025,4.0,0.2056,2.75,2.25,0.1103,2.12,0.0,0.0485,0.62,1.001,0.3502,0.57,1.382,0.1653,0.28,0.742,0.0088,1.5,1.036,0.0046,0.57,-20.0,0.0044,-15.5,2.54,0.0086,1.3,11.833,0.1044,5.0,10117,SAN XOÁN DE RÍO,Ourense,42.393867,-7.297161,1026.0
10118,16,2010,2025,0.69,0.0558,0.5,0.0,0.2528,0.12,0.0,,0.0,1.107,0.265,0.4,1.189,0.0152,0.66,0.0,0.8243,0.25,0.924,0.0008,0.66,0.0,0.0828,-0.62,1.264,0.3282,0.79,2.857,0.1069,2.11,10118,BURELA,Lugo,43.644855,-7.374807,421.0
10119,16,2010,2025,5.934,0.1233,4.12,2.0,0.0437,2.88,0.0,0.0061,0.5,1.397,0.0641,1.04,1.577,0.0788,0.82,1.833,0.2936,1.75,1.134,0.0046,0.67,-15.994,0.0003,-14.75,1.73,0.0926,1.43,7.692,0.0252,7.39,10119,MUÍÑOS,Ourense,41.903606,-7.971908,1059.0
10121,16,2010,2025,2.0,0.7169,1.5,0.917,0.7169,-0.38,0.0,0.7469,0.38,0.358,0.8248,0.59,0.841,0.265,0.4,0.0,0.329,0.12,0.879,0.0046,0.56,-5.934,0.2779,-2.62,2.914,0.0788,2.66,10.333,0.2589,9.38,10121,CERDEDO-COTOBADE,Pontevedra,42.467537,-8.502887,367.0
10122,16,2010,2025,2.5,0.1558,2.75,2.5,0.009,2.5,0.0,0.329,0.25,0.829,0.265,0.54,1.432,0.116,0.59,2.0,0.236,1.5,0.971,0.0064,0.55,-14.722,0.0029,-10.75,2.64,0.0086,1.74,8.782,0.0241,5.75,10122,RODEIRO,Pontevedra,42.579758,-7.933075,991.0
10124,16,2010,2025,-1.548,0.7519,-0.62,0.0,0.9638,-0.5,0.0,0.8519,0.0,-0.587,0.5056,-0.73,0.577,0.5056,0.17,0.0,0.1241,0.5,0.663,0.0115,0.41,0.0,0.6453,-1.75,0.37,0.6901,0.07,2.222,0.7524,1.62,10124,SANTIAGO DE COMPOSTELA,A Coruña,42.87596,-8.559434,255.0
10125,16,2010,2025,0.0,0.9638,0.25,0.0,0.6422,0.75,0.0,0.396,-0.25,0.043,1.0,0.12,0.485,0.5056,0.07,0.0,1.0,0.0,0.564,0.0413,0.27,0.0,,0.0,1.861,0.4503,1.23,5.505,0.2779,4.25,10125,VIGO,Pontevedra,42.2139,-8.906,25.0
10126,16,2010,2025,0.0,0.7148,0.0,0.0,0.814,0.12,0.0,0.7366,0.12,-0.121,0.9647,0.2,0.453,0.5643,0.14,0.0,0.6755,0.25,0.506,0.0517,0.33,0.0,,0.0,-0.214,0.9226,-1.13,1.111,0.6534,-2.43,10126,BUEU,Pontevedra,42.382084,-8.936188,121.0
10127,16,2010,2025,-6.125,0.2589,-3.75,-3.667,0.3646,-2.12,-0.917,0.5219,-0.38,-0.756,0.4503,-0.28,0.579,0.5056,-0.01,0.333,0.0709,0.88,0.624,0.0641,0.3,0.0,0.561,-0.38,0.793,0.5056,1.73,4.306,0.3209,7.75,10127,CALDAS DE REIS,Pontevedra,42.595306,-8.618997,268.0
10129,16,2010,2025,0.714,0.9641,0.0,0.0,0.5419,1.5,0.0,0.9627,-0.38,-0.028,0.9647,0.04,0.975,0.0788,0.33,0.0,0.7358,0.12,0.725,0.0255,0.34,0.0,0.7366,-0.12,2.264,0.0788,1.3,5.357,0.4158,3.0,10129,SANXENXO,Pontevedra,42.40308,-8.798792,34.0
10130,16,2010,2025,0.0,0.006,1.5,0.0,,0.0,0.0,,0.0,1.351,0.1949,0.71,1.114,0.1653,0.46,0.0,0.0241,1.0,0.619,0.0517,0.28,-15.222,0.1912,-6.88,2.064,0.1395,1.17,0.0,0.0894,0.25,10130,CARBALLEDA DE VALDEORRAS,Ourense,42.375187,-6.783357,1620.0
10131,16,2010,2025,0.0,,0.0,0.0,,0.0,0.0,,0.0,1.308,0.116,0.88,1.449,0.1653,0.68,0.0,0.2039,0.62,1.012,0.0046,0.61,-26.515,0.0268,-17.75,2.369,0.0255,1.44,0.0,,0.0,10131,MANZANEDA,Ourense,42.26016,-7.298315,1758.0
10132,16,2010,2025,3.485,0.1018,3.12,2.0,0.0111,2.5,0.0,0.329,0.12,1.868,0.096,0.93,1.798,0.0255,0.84,0.0,0.384,0.38,1.148,0.0033,0.71,-31.385,0.0132,-18.75,3.825,0.0008,2.98,18.571,0.0054,12.09,10132,PEDRAFITA DO CEBREIRO,Lugo,42.707104,-7.047078,1310.0
10133,15,2011,2025,1.667,0.2092,-0.29,0.0,0.493,-0.91,0.0,0.6672,0.04,-0.159,0.9226,-0.7,1.753,0.0359,0.7,1.0,0.6537,0.32,1.365,0.0114,0.94,-4.286,0.0095,-4.73,3.71,0.0155,1.41,8.571,0.0283,4.77,10133,CUNTIS,Pontevedra,42.675583,-8.586177,715.0
10134,16,2010,2025,-1.833,0.1399,-1.5,0.0,0.8791,0.0,0.0,0.329,0.12,-0.911,0.116,-0.92,0.627,0.265,0.2,0.0,0.6755,0.12,0.427,0.139,0.16,0.0,,0.0,0.598,0.7566,0.21,0.455,0.7158,0.12,10134,RIBEIRA,A Coruña,42.47135,-9.005851,21.0
10135,15,2011,2025,2.5,0.3447,0.14,1.25,0.3362,0.04,0.0,0.8463,0.05,1.358,0.1686,0.6,1.425,0.0359,0.54,0.0,0.763,-0.21,0.914,0.0029,0.53,0.0,,0.0,3.24,0.0208,1.93,10.0,0.0329,3.2,10135,CARNOTA,A Coruña,42.795036,-9.126011,170.0
10136,16,2010,2025,4.451,0.1604,3.0,3.038,0.0433,2.62,0.0,0.0408,0.62,2.179,0.0198,1.59,1.412,0.0086,0.87,0.0,0.7391,0.0,0.982,0.0024,0.64,-8.333,0.123,-5.12,3.428,0.0086,2.27,5.5,0.4704,5.12,10136,A FONSAGRADA,Lugo,43.17712,-7.047859,789.0
10137,16,2010,2025,2.857,0.3626,2.5,2.25,0.0809,2.0,0.0,0.0288,0.38,1.728,0.0326,1.24,1.47,0.0788,0.51,0.0,0.0233,0.88,1.131,0.0017,0.7,-18.0,0.0028,-11.88,2.868,0.0005,1.96,8.231,0.0947,4.62,10137,NAVIA DE SUARNA,Lugo,42.955997,-6.915305,910.0
10138,16,2010,2025,0.0,0.1123,0.25,0.0,,0.0,0.0,,0.0,1.432,0.2281,0.83,1.496,0.096,0.67,0.0,0.2536,0.38,0.962,0.0086,0.6,-23.0,0.0215,-16.88,2.046,0.0114,1.4,0.0,,0.0,10138,A VEIGA,Ourense,42.207813,-6.89256,1762.0
10139,16,2010,2025,-2.404,0.3393,-2.5,-1.0,0.3301,-1.88,0.0,0.4196,-0.5,-0.831,0.3984,-0.84,0.143,0.7566,-0.17,0.0,,0.0,0.657,0.0086,0.36,-1.742,0.7517,-2.62,-0.621,0.6259,-0.81,-2.25,0.7169,-2.62,10139,ZAS,A Coruña,43.02887,-8.974911,317.0
10141,16,2010,2025,0.0,0.3422,0.5,0.0,0.3879,0.25,0.0,0.1123,0.25,0.696,0.6259,0.34,1.153,0.0255,0.69,0.0,0.5426,0.38,0.868,0.0,0.58,0.0,0.039,-0.5,3.462,0.0326,2.71,7.212,0.1027,5.88,10141,NARÓN,A Coruña,43.562504,-8.132825,278.0
10142,15,2011,2025,1.818,0.7649,-1.52,1.667,0.5498,-0.57,0.0,0.8351,-0.64,0.551,0.4951,-0.05,0.943,0.059,0.18,0.0,0.3838,-0.52,0.476,0.1395,0.27,0.0,0.6104,0.02,1.532,0.3282,0.1,-4.286,0.6203,-5.86,10142,VIGO,Pontevedra,42.225945,-8.713502,100.0
10144,16,2010,2025,4.226,0.2053,4.25,2.02,0.4126,2.25,0.774,0.2875,0.38,0.826,0.2281,0.75,1.518,0.0641,0.77,0.0,,0.0,0.859,0.0064,0.59,-3.611,0.5872,-0.5,3.376,0.0517,2.65,15.0,0.0132,13.25,10144,ARZÚA,A Coruña,42.931965,-8.17469,362.0
10146,16,2010,2025,2.361,0.4683,1.88,1.714,0.4973,0.0,0.0,0.743,-0.12,0.442,0.7566,0.16,0.696,0.096,0.23,0.0,,0.0,1.057,0.0024,0.71,-12.917,0.1477,-9.38,1.088,0.5643,0.74,5.0,0.2386,1.75,10146,CASTRO DE REI,Lugo,43.155926,-7.485878,428.0
10148,14,2012,2025,16.364,0.0322,6.71,15.714,0.0484,9.29,7.778,0.2968,4.86,0.633,0.5906,0.26,1.969,0.0472,0.84,0.0,0.6102,0.0,1.306,0.0008,0.76,-5.0,0.4414,-1.29,4.214,0.0472,1.16,24.167,0.0422,8.57,10148,OURENSE,Ourense,42.343487,-7.848846,143.0
10153,16,2010,2025,0.0,0.7463,-0.75,0.742,0.0936,1.0,0.0,0.2039,0.38,-0.285,0.7566,-0.02,1.169,0.0198,0.61,0.0,0.7798,0.12,1.119,0.0005,0.73,0.0,0.0364,-0.5,1.925,0.265,1.55,4.167,0.1215,3.12,10153,VIMIANZO,A Coruña,43.10812,-9.056941,405.0
10154,16,2010,2025,1.667,0.6844,6.0,1.08,0.6836,3.5,0.909,0.5542,1.38,0.837,0.4503,1.2,1.189,0.1653,1.04,0.0,0.6408,0.38,0.65,0.0086,0.53,0.0,0.3903,0.25,2.786,0.0326,3.2,9.545,0.19,14.12,10154,REDONDELA,Pontevedra,42.3207,-8.601872,260.0
10161,16,2010,2025,1.548,0.6177,1.25,0.0,0.6803,0.62,0.0,0.9035,0.0,0.46,0.6901,0.56,0.645,0.5056,0.05,0.0,0.7839,0.25,0.544,0.0517,0.26,0.0,0.207,-0.38,2.927,0.0152,2.33,10.0,0.0266,9.12,10161,VIGO,Pontevedra,42.169926,-8.686054,460.0
10162,16,2010,2025,0.0,0.3608,0.38,0.0,0.7508,-0.25,0.0,,0.0,-0.035,0.9647,-0.11,0.669,0.1653,0.23,0.0,0.0218,1.12,0.948,0.0011,0.66,-1.833,0.2753,-1.62,0.8,0.559,1.39,10.0,0.0247,8.88,10162,VIVEIRO,Lugo,43.630886,-7.630877,59.0
10201,13,2013,2025,3.167,0.0501,2.0,0.0,0.0155,1.0,0.0,,0.0,1.482,0.5098,0.63,1.125,0.3674,0.7,0.0,0.4075,0.38,0.547,0.2044,0.42,-11.625,0.2988,-12.17,2.755,0.0016,1.38,3.693,0.0074,3.17,10201,PEDRAFITA DO CEBREIRO,Lugo,42.7123,-7.125666,1330.0
10202,14,2012,2025,4.0,0.1515,2.86,3.0,0.0112,2.43,0.0,0.0841,0.43,2.107,0.1925,1.02,2.0,0.0356,0.89,0.0,0.1725,0.43,1.161,0.0008,0.73,-5.556,0.2489,-6.29,6.006,0.0012,3.61,15.0,0.0085,11.14,10202,CHANTADA,Lugo,42.669987,-7.887967,842.0
10204,13,2013,2025,3.095,0.1363,3.71,0.955,0.0241,2.02,0.0,,0.0,1.447,0.2044,1.29,1.753,0.2044,0.97,1.667,0.3167,3.64,0.757,0.3674,0.54,-10.909,0.1976,-13.0,,,,,,,10204,CARBALLEDA DE VALDEORRAS,Ourense,42.340588,-6.765224,1280.0
10500,16,2010,2025,-0.417,0.9281,-1.25,5.778,0.4436,3.38,1.984,0.8568,0.0,0.836,0.3057,0.27,0.888,0.265,0.07,0.0,,0.0,0.679,0.0152,0.51,-5.278,0.5571,-5.62,3.087,0.0359,1.37,10.0,0.0815,2.3,10500,VERÍN,Ourense,41.95301,-7.439182,392.0
10800,16,2010,2025,0.0,0.8084,0.0,0.0,0.7449,-0.12,0.0,,0.0,-0.541,0.2281,-0.11,0.281,0.116,0.28,0.0,0.857,-0.12,0.538,0.0326,0.27,0.0,,0.0,-0.128,0.8944,1.11,0.0,0.7109,1.38,10800,CAMARIÑAS,A Coruña,43.124447,-9.178318,5.0
14000,16,2010,2025,0.0,0.2328,0.5,0.0,0.8401,0.12,0.0,,0.0,-0.444,0.5056,-0.1,0.655,0.0517,0.45,0.0,0.2352,0.88,0.841,0.0017,0.68,0.0,0.2328,-0.12,-0.498,0.6901,-0.18,0.0,0.9266,0.12,14000,A CORUÑA,A Coruña,43.36506,-8.374706,5.0
14001,13,2013,2025,1.528,0.6198,1.52,0.0,0.8048,0.88,0.0,0.9394,0.21,1.189,0.5098,0.26,0.545,0.1635,0.27,0.714,0.6636,1.9,0.593,0.0573,0.44,0.0,,0.0,1.3,0.59,1.14,2.864,0.4579,1.24,14001,VIGO,Pontevedra,42.24167,-8.727587,7.0
14003,13,2013,2025,0.0,0.2541,0.52,0.0,0.4227,0.17,0.0,,0.0,0.706,0.2044,0.61,0.636,0.1,0.32,0.0,0.3767,0.55,0.736,0.015,0.66,0.0,,0.0,2.102,0.1526,1.65,1.667,0.0126,2.06,14003,ARTEIXO,A Coruña,43.34723,-8.531179,5.0
19001,16,2010,2025,0.0,0.7845,1.0,0.0,0.8911,0.25,0.0,1.0,-0.38,0.356,0.7566,0.6,0.735,0.0788,0.48,0.0,,0.0,0.929,0.0003,0.69,-5.0,0.3416,-5.12,2.068,0.3984,2.41,12.909,0.116,9.0,19001,CARBALLO,A Coruña,43.15616,-8.685357,134.0
19003,16,2010,2025,3.667,0.5257,3.12,1.27,0.6184,1.0,0.385,0.4611,0.12,0.334,0.8944,0.02,1.247,0.0255,0.67,0.0,0.1262,1.0,0.949,0.0017,0.64,-5.692,0.1607,-4.38,4.369,0.0198,2.94,18.667,0.0272,11.88,19003,VEDRA,A Coruña,42.78478,-8.434715,225.0
19004,16,2010,2025,1.667,0.216,1.12,1.25,0.115,0.75,0.0,0.2528,0.12,0.602,0.5643,0.41,1.284,0.0086,0.62,0.0,0.0193,0.5,1.156,0.0,0.82,-2.0,0.0648,-2.62,3.103,0.0641,2.25,10.0,0.0064,8.62,19004,NARÓN,A Coruña,43.554344,-8.203325,69.0
19005,16,2010,2025,0.0,0.8198,-0.38,1.292,0.273,0.75,0.0,0.6741,0.12,0.644,0.5056,0.54,0.928,0.0413,0.49,0.0,0.1331,0.38,0.857,0.0003,0.62,0.0,0.4033,-0.75,3.539,0.0795,3.11,6.667,0.247,7.04,19005,BERGONDO,A Coruña,43.307995,-8.276487,175.0
19008,16,2010,2025,2.25,0.3633,2.0,1.429,0.2946,0.75,0.0,0.4013,0.25,0.715,0.5643,0.46,1.496,0.0255,0.86,0.0,0.384,0.38,1.25,0.0,0.88,-4.0,0.0231,-6.12,1.776,0.2792,1.42,5.0,0.4427,5.42,19008,VAL DO DUBRA,A Coruña,43.00191,-8.6992,369.0
19010,15,2011,2025,5.0,0.2729,2.05,3.333,0.0891,1.91,0.0,0.5252,0.29,0.562,0.1686,0.52,1.819,0.0041,0.91,0.0,0.8266,-0.3,0.958,0.0059,0.64,0.0,0.3983,0.32,4.51,0.0008,2.56,25.0,0.0055,15.27,19010,LOUSAME,A Coruña,42.80141,-8.836885,157.0
19011,14,2010,2025,5.556,0.1869,3.0,3.333,0.2245,2.43,1.25,0.2416,0.43,1.484,0.2331,0.74,1.437,0.101,0.79,0.0,0.7098,0.29,0.525,0.0617,0.48,0.0,0.7822,2.29,3.87,0.116,2.4,26.75,0.0054,16.77,19011,ROIS,A Coruña,42.7965,-8.716,111.0
19014,15,2011,2025,0.0,0.9589,0.07,0.0,0.8787,0.16,0.0,0.8699,0.5,-0.075,0.8458,-0.26,0.892,0.1686,0.65,0.0,0.1432,2.46,0.805,0.0359,0.63,2.0,0.8041,0.43,0.869,0.6972,1.47,15.455,0.1016,13.86,19014,MONDOÑEDO,Lugo,43.45692,-7.340111,115.0
19015,15,2011,2025,0.833,0.5806,0.36,0.0,0.3242,0.23,0.0,0.1264,0.29,0.287,0.6265,-0.05,0.715,0.2816,0.2,0.0,0.8852,-0.11,0.737,0.0155,0.52,-4.444,0.1108,-3.8,1.307,0.559,-0.07,1.429,0.7278,0.54,19015,ABADÍN,Lugo,43.405445,-7.502042,662.0
19018,16,2010,2025,2.111,0.3156,1.25,1.429,0.0361,1.25,0.0,0.0791,0.12,1.274,0.265,0.4,0.849,0.3057,0.01,0.801,0.035,1.25,0.765,0.0255,0.28,-11.548,0.0148,-7.0,0.209,0.8248,-0.45,-1.742,0.8214,-2.5,19018,BALEIRA,Lugo,43.031902,-7.187797,990.0
19020,15,2011,2025,-2.5,0.3975,-0.38,-1.111,0.8035,0.04,1.667,0.6534,0.57,0.826,0.4951,0.66,0.966,0.2018,0.46,0.0,0.4875,-0.12,1.015,0.0208,0.62,-5.0,0.4879,-2.41,2.153,0.2395,1.76,10.0,0.1502,3.32,19020,SARRIA,Lugo,42.79668,-7.381559,416.0
19021,15,2011,2025,0.0,0.9604,1.36,2.5,0.6194,2.55,1.0,0.5475,1.55,0.342,0.8458,0.47,1.3,0.059,0.46,0.0,0.8651,-0.25,0.76,0.0114,0.53,-2.5,0.6526,-1.55,2.894,0.0114,1.89,16.667,0.037,4.82,19021,CHANTADA,Lugo,42.614433,-7.718322,391.0
19022,15,2011,2025,-15.0,0.0664,-12.07,-12.5,0.2317,-10.3,-7.0,0.3189,-5.07,-0.9,0.559,-0.73,-0.232,0.8458,-0.54,0.0,0.3897,-0.5,0.13,0.7705,0.05,1.667,0.6892,0.91,-0.53,1.0,-1.48,-17.0,0.1925,-15.57,19022,PANTÓN,Lugo,42.53537,-7.70489,340.0
19023,15,2011,2025,6.0,0.2328,2.79,6.0,0.4568,0.61,4.0,0.5853,2.98,1.378,0.2816,0.4,1.236,0.1395,0.45,0.0,0.1084,0.77,0.748,0.0208,0.55,1.667,0.9226,1.61,2.892,0.1686,0.94,10.0,0.1489,0.16,19023,RIBAS DE SIL,Lugo,42.463108,-7.287173,257.0
19024,15,2011,2025,1.25,0.7278,-0.16,1.667,0.6534,0.3,1.25,0.5127,0.39,1.715,0.2018,0.64,0.736,0.4351,0.17,0.0,0.1939,0.16,0.705,0.0359,0.43,-4.0,0.3975,-2.7,4.132,0.101,0.83,7.778,0.2968,-1.57,19024,ANTAS DE ULLA,Lugo,42.72039,-7.831607,647.0
19025,15,2011,2025,-2.0,0.2084,-1.12,0.0,0.8769,0.09,0.0,0.9554,0.5,-1.016,0.1395,-0.7,-0.22,0.8458,-0.04,0.0,0.5251,0.21,0.653,0.0463,0.49,3.333,0.5521,1.07,-0.7,0.5183,-0.38,-5.0,0.1469,-3.43,19025,LOURENZÁ,Lugo,43.43727,-7.279275,103.0
19026,16,2010,2025,5.5,0.4168,-2.12,1.27,0.6838,-2.0,3.333,0.4982,-0.25,0.36,0.6259,-0.18,0.967,0.3057,-0.04,0.0,0.3378,0.25,0.873,0.0046,0.62,-10.885,0.1912,-7.38,1.04,0.6672,-0.22,10.0,0.2968,-1.21,19026,LEIRO,Ourense,42.359207,-8.118451,105.0
19027,16,2010,2025,4.722,0.6259,-2.88,1.603,0.8217,-3.12,0.0,0.9637,0.0,0.513,0.8248,-0.14,0.919,0.3057,-0.39,0.0,,0.0,0.399,0.0413,0.11,1.714,0.8568,1.88,1.575,0.2018,0.46,-1.111,0.8817,-6.8,19027,XINZO DE LIMIA,Ourense,42.101776,-7.717683,616.0
19030,15,2011,2025,10.0,0.1804,5.77,12.857,0.2149,6.82,3.846,0.3443,3.59,1.526,0.2816,0.44,1.803,0.0463,0.77,0.0,0.6672,0.59,0.725,0.0463,0.51,-5.0,0.7662,-0.98,5.541,0.0008,3.1,23.75,0.003,14.82,19030,LAROUCO,Ourense,42.346,-7.153,522.0
19031,15,2011,2025,7.143,0.3459,4.09,8.0,0.3205,3.25,0.0,0.6144,2.46,0.704,0.559,0.48,1.431,0.059,0.64,0.0,0.0262,0.62,0.665,0.0155,0.48,-3.0,0.6901,-2.11,5.122,0.0138,2.71,21.429,0.006,12.29,19031,COLES,Ourense,42.42953,-7.836478,403.0
19032,14,2011,2025,5.455,0.2709,3.29,8.571,0.3222,5.57,5.714,0.4753,3.14,0.743,0.5906,0.06,0.916,0.101,0.55,0.0,0.2839,0.14,0.887,0.0356,0.56,0.0,0.7822,0.0,2.838,0.1289,0.76,10.714,0.0864,2.57,19032,CASTRELO DE MIÑO,Ourense,42.31235,-8.066759,122.0
19033,15,2011,2025,6.0,0.4279,5.11,5.0,0.2975,3.93,1.111,0.5155,2.88,1.193,0.2816,0.69,1.343,0.059,0.63,0.0,0.7756,-0.05,0.851,0.0083,0.66,1.111,0.8425,1.02,5.252,0.0138,3.42,30.0,0.0021,19.43,19033,CASTRO CALDELAS,Ourense,42.38756,-7.431971,469.0
19037,16,2010,2025,4.808,0.069,4.25,1.667,0.049,2.12,0.0,0.0965,0.38,1.645,0.0641,0.87,1.641,0.0788,0.59,0.0,0.329,0.38,1.21,0.0017,0.7,-20.0,0.01,-17.0,2.525,0.0041,1.51,10.0,0.053,5.91,19037,A VEIGA,Ourense,42.211124,-6.991786,1217.0
19038,15,2011,2025,12.0,0.1502,3.93,12.857,0.1016,7.7,4.444,0.4256,2.95,1.416,0.0743,0.5,1.67,0.059,0.8,0.0,0.0756,0.43,0.856,0.0083,0.54,-3.333,0.7705,-0.68,3.222,0.0067,1.86,10.0,0.2048,4.14,19038,LAZA,Ourense,42.067226,-7.472491,575.0
19039,16,2010,2025,5.0,0.497,-0.5,6.833,0.2576,0.88,3.798,0.0221,2.5,1.254,0.0788,0.45,1.121,0.1653,0.01,1.818,0.0065,3.38,1.04,0.0011,0.59,-23.818,0.0016,-21.75,1.092,0.1949,-0.02,5.0,0.4427,-1.38,19039,RIÓS,Ourense,41.98036,-7.285618,839.0
19040,16,2010,2025,14.365,0.1362,8.0,10.556,0.124,5.0,3.333,0.0015,3.62,1.794,0.0326,1.14,1.592,0.0255,0.71,2.5,0.0349,2.5,0.995,0.0017,0.61,-12.788,0.0374,-8.25,4.463,0.0,3.2,25.0,0.0005,17.88,19040,VILARDEVÓS,Ourense,41.898197,-7.188015,778.0
19041,16,2010,2025,4.167,0.4168,0.38,3.333,0.1013,3.25,0.0,0.1327,1.0,1.079,0.265,0.22,1.201,0.1653,0.18,0.742,0.0075,1.5,0.891,0.0326,0.33,-12.792,0.1027,-9.38,0.658,0.5183,0.21,10.0,0.1528,2.08,19041,A MEZQUITA,Ourense,42.01746,-7.048907,1025.0
19042,16,2010,2025,5.0,0.1721,3.25,2.75,0.2547,1.12,0.0,0.0761,1.5,1.375,0.139,0.69,1.249,0.139,0.5,0.0,,0.0,0.941,0.0046,0.61,-14.143,0.1452,-12.75,3.298,0.0413,2.34,12.5,0.0144,13.12,19042,CALVOS DE RANDÍN,Ourense,41.961655,-7.895386,890.0
19044,15,2011,2025,1.818,0.6901,-8.96,3.571,0.584,-3.32,6.667,0.4868,-1.91,0.587,0.4951,-0.29,1.053,0.1395,0.1,0.0,0.0304,0.43,0.605,0.0359,0.33,-4.0,0.5853,-1.14,0.407,0.7472,-1.62,10.0,0.5093,-10.14,19044,A ARNOIA,Ourense,42.23986,-8.130865,120.0
19045,16,2010,2025,11.548,0.0581,8.88,6.111,0.2227,5.38,5.0,0.0706,3.88,1.523,0.0788,1.24,1.686,0.0198,0.96,0.0,0.6923,-0.25,0.785,0.0086,0.57,-6.905,0.2408,-4.5,5.241,0.0155,3.88,28.571,0.0114,14.64,19045,PONTEAREAS,Pontevedra,42.180405,-8.524929,41.0
19046,15,2011,2025,1.111,0.7278,-0.8,2.0,0.1765,0.45,0.0,0.4993,0.07,0.702,0.2395,0.31,1.129,0.0463,0.26,0.0,0.9546,-0.05,0.576,0.0208,0.35,0.0,0.7131,-0.11,3.843,0.0208,1.48,8.889,0.0475,3.8,19046,VILANOVA DE AROUSA,Pontevedra,42.539917,-8.784433,72.0
19047,16,2010,2025,5.917,0.2053,4.62,3.333,0.3209,2.62,2.071,0.1199,1.88,1.372,0.116,1.51,1.052,0.0517,0.42,0.0,0.8871,0.25,0.686,0.0152,0.31,-2.475,0.0822,-2.5,4.537,0.0198,4.03,14.921,0.038,7.75,19047,O ROSAL,Pontevedra,41.938732,-8.789739,47.0
19048,16,2010,2025,0.385,0.8564,-0.75,4.722,0.3669,2.62,4.006,0.497,-0.12,0.905,0.3057,0.36,0.824,0.3502,-0.01,0.0,0.0217,2.38,0.688,0.0064,0.47,-5.0,0.1068,-4.0,1.379,0.6672,0.29,1.0,1.0,-7.88,19048,ARBO,Pontevedra,42.134094,-8.263586,187.0
19050,16,2010,2025,8.167,0.1624,6.0,4.722,0.1469,2.75,3.333,0.0387,2.0,1.093,0.139,0.61,1.323,0.0198,0.74,0.0,0.1603,0.5,1.209,0.0011,0.8,-10.0,0.1891,-6.62,3.854,0.0617,1.91,28.0,0.0051,12.75,19050,VILA DE CRUCES,Pontevedra,42.77911,-8.318691,211.0
19054,16,2010,2025,5.857,0.2227,3.12,3.333,0.3909,1.5,4.083,0.2553,1.5,1.575,0.116,1.0,1.316,0.139,0.38,1.667,0.1946,1.88,0.916,0.0046,0.59,-6.795,0.0416,-6.5,3.44,0.0743,1.93,14.545,0.1128,5.18,19054,SALCEDA DE CASELAS,Pontevedra,42.069332,-8.562408,92.0
19056,15,2011,2025,5.714,0.3459,0.77,2.857,0.3431,1.02,1.111,0.2423,0.25,1.283,0.2395,0.59,1.543,0.0059,0.69,0.0,0.2092,0.36,1.129,0.0059,0.7,-1.667,0.0531,-1.29,7.023,0.0012,4.44,37.0,0.0004,23.43,19056,MEIS,Pontevedra,42.53713,-8.716114,52.0
19057,15,2011,2025,16.0,0.0921,8.82,10.0,0.2757,6.79,5.714,0.2539,4.36,1.522,0.1686,0.98,2.491,0.0359,1.34,0.833,0.1255,0.73,1.124,0.0019,0.72,-1.667,0.3697,-1.34,6.699,0.0001,3.99,34.286,0.0012,18.86,19057,SALVATERRA DE MIÑO,Pontevedra,42.11854,-8.442646,150.0
19066,14,2012,2025,2.5,0.4395,-0.14,1.25,0.6996,0.57,0.0,0.3314,0.14,0.489,0.5183,0.23,1.047,0.0617,0.23,0.0,0.834,-0.29,0.696,0.0193,0.45,-1.667,0.5793,-5.0,2.049,0.1526,1.71,8.875,0.0499,7.33,19066,RIBADUMIA,Pontevedra,42.497288,-8.763514,27.0
19068,13,2013,2025,0.0,1.0,-2.62,-2.25,0.759,-0.38,0.0,1.0,-1.02,-0.765,0.59,-0.52,0.072,0.9524,-0.02,0.0,0.6234,0.19,0.288,0.1635,0.34,0.0,0.6881,0.69,1.471,0.765,-0.01,-3.875,0.8065,-3.02,19068,MEAÑO,Pontevedra,42.436275,-8.774661,97.0
19069,13,2013,2025,2.083,0.8545,0.36,1.27,0.6211,0.48,0.0,0.6607,0.29,0.22,0.6754,-0.01,0.796,0.1289,0.4,0.0,0.3608,0.17,0.738,0.0573,0.59,0.0,0.094,0.67,2.581,0.2044,1.43,6.061,0.3853,3.74,19069,O GROVE,Pontevedra,42.45738,-8.876006,9.0
19070,13,2013,2025,2.361,0.759,0.67,2.111,0.4602,0.52,0.0,0.6993,-0.14,0.821,0.59,0.3,0.704,0.3062,0.42,0.0,0.3639,-0.24,0.395,0.1289,0.28,1.27,0.6211,2.45,2.662,0.1289,1.46,8.571,0.2207,4.98,19070,MEIS,Pontevedra,42.468124,-8.742008,256.0
19071,13,2013,2025,5.278,0.5822,3.4,1.27,0.6211,0.64,1.339,0.309,0.9,0.939,0.6754,0.5,1.042,0.3062,0.68,0.0,0.4227,0.17,0.761,0.1635,0.67,6.333,0.3592,-0.07,1.563,0.3062,0.93,7.75,0.3272,3.31,19071,ORDES,A Coruña,43.06872,-8.412142,266.0
19072,13,2013,2025,9.286,0.4354,4.86,4.5,0.2437,3.33,0.714,0.532,0.79,1.647,0.59,1.04,1.435,0.1,1.07,0.0,0.8026,-0.57,0.646,0.2519,0.56,0.0,0.8048,1.07,5.522,0.015,3.59,23.333,0.0324,16.9,19072,PONTE CALDELAS,Pontevedra,42.39316,-8.506196,350.0
19073,12,2014,2025,0.5,0.9452,0.83,8.0,0.4908,6.17,11.214,0.4467,8.0,1.708,0.1969,1.16,1.762,0.3108,0.92,0.0,0.4758,1.33,0.682,0.1526,0.61,6.111,0.7311,0.33,3.99,0.0863,1.75,5.5,0.4908,1.83,19073,VILAMARTÍN DE VALDEORRAS,Ourense,42.420258,-7.02708,408.0
50500,16,2010,2025,2.5,0.3626,2.5,0.0,0.6451,1.0,0.0,0.4619,0.25,0.029,0.9647,-0.13,0.861,0.0788,0.53,0.0,0.1603,0.5,0.816,0.0046,0.57,-1.833,0.3406,-3.38,3.828,0.0326,2.37,11.548,0.0187,9.62,50500,SANTIAGO DE COMPOSTELA,A Coruña,42.88659,-8.521138,305.0
